Age (MAL1B/1C from Ivory et al 2016)age (kyr),Charcoal (abundance normalized by sedimentation rate)
10.475,
10.533,64.73986593
10.961,66.66860896
11.317,15.60985831
11.626,46.64771724
11.908,27.13275848
12.187,65.13895649
12.489,32.79647181
12.806,16.69389809
13.141,17.44173734
13.462,27.34411703
13.75,104.5618746
14.047,43.09637256
14.405,31.34993457
14.881,18.98664375
15.488,16.09784267
16.002,13.45133333
16.662,28.35173909
17.387,23.34989248
18.064,16.44450891
18.656,15.86098633
19.185,21.18973849
19.666,25.17455415
20.109,25.13678876
20.528,30.14324513
20.926,32.99312588
21.36,30.99961154
21.75,40.37583682
22.152,63.87599646
22.544,52.84565716
22.933,51.14091882
23.327,22.72168349
24.124,46.66444408
24.571,31.35120653
25.199,31.69303538
25.684,46.81205995
26.11,44.24542668
26.583,24.47510449
27.016,48.70716751
27.412,77.93238994
27.827,34.96081237
28.238,58.37600765
28.57,8.091152701
29.01,36.68642964
29.439,34.32546133
29.843,42.82496172
30.272,33.60432536
30.714,59.02117718
31.17,58.21152696
31.64,87.11294927
31.837,38.37228562
32.611,20.06405703
33.105,15.84193672
33.571,48.938844
34.135,20.56699131
34.605,15.94181996
35.102,34.33988773
35.624,73.80531841
36.076,26.52065482
36.582,27.08845425
37.056,74.97306925
37.564,30.18228855
38.006,33.42459179
38.472,84.75659042
38.943,56.0499375
39.409,31.08399002
39.855,61.87239906
40.334,80.55386172
40.793,59.63518199
41.335,23.38661511
41.619,81.07663077
42.426,39.89842629
42.93,53.98062589
43.375,54.88051289
43.816,59.91349845
44.255,81.31454355
44.691,74.51342699
45.123,33.13266522
45.526,39.19095727
46.796,28.09048495
47.123,58.27172143
47.535,23.80618374
47.944,64.52780831
48.348,51.06320954
49.145,37.84279489
49.554,105.0593164
49.687,59.92134334
50.234,56.16753498
50.588,63.69936017
50.945,36.92045086
51.279,98.84934027
51.591,79.40039863
51.874,64.5875709
52.198,41.62331631
52.455,32.93497612
52.7,40.14157223
52.908,79.40269369
53.134,104.8362353
53.353,124.2273167
53.567,46.97990205
53.779,39.7922251
53.991,148.6719029
54.204,191.587465
54.421,28.4926338
54.687,161.8646232
55.078,49.07139571
55.33,98.60685665
55.595,50.01503695
55.877,151.8281749
56.176,60.3067247
56.497,43.41749654
56.839,23.0529082
57.207,33.97661879
57.601,40.77329876
58.024,21.36099227
58.504,17.72933016
58.993,83.02955534
59.517,111.73948
60.079,93.15561533
60.68,8.721767085
61.357,25.27720094
62.293,28.6096138
63.487,31.20260498
65.807,2.117267885
67.274,5.630050835
68.729,24.84364694
69.94,9.299056779
71.337,13.34267614
72.358,0.8352684
73.102,43.79375292
73.727,147.5156555
73.935,576.3635145
74.117,166.4354814
74.317,56.63170303
74.522,304.0883603
74.721,179.6328613
74.917,379.555664
75.111,175.5853208
75.305,165.7160897
75.49,399.6004884
75.835,102.2062655
75.866,485.6236381
76.018,162.4169146
76.105,431.4592737
76.198,270.0060612
76.369,69.85062754
76.543,143.8913059
76.545,99.64994032
76.725,81.21413283
76.897,81.45285499
77.233,107.2529756
77.422,82.10901895
77.597,37.28326492
77.748,93.63682053
77.906,79.65187088
78.059,132.5120871
78.216,101.0322473
78.375,126.7448251
78.451,44.04727891
78.875,566.3362583
79.023,77.68849077
79.164,167.6481179
79.304,347.2567365
79.441,61.30883758
79.582,74.80512004
79.716,151.7967508
79.848,266.3825379
79.978,177.0644347
80.107,172.8316894
80.233,161.6373446
80.358,271.0092577
80.48,142.0711144
80.602,514.8381331
80.721,346.4407004
80.84,49.38033216
80.956,264.9333985
81.107,84.59083095
81.381,130.5386604
81.49,230.3122427
81.597,192.9390342
81.704,190.9781701
81.808,165.2859252
81.912,140.0415089
82.014,121.5926834
82.114,707.861052
82.217,224.4449017
82.315,103.1867654
82.411,95.51773219
82.506,28.70144057
82.6,245.3134464
82.686,48.21841928
82.783,93.19487486
82.873,101.1863909
82.962,196.6111228
83.109,44.54011394
83.189,125.6718426
83.273,73.82004777
83.357,189.4745342
83.429,41.3040162
83.6,124.0417161
83.679,154.8064745
83.756,176.3636419
83.833,198.6985031
83.909,163.4901933
84.058,49.75951852
84.129,181.4410022
84.193,60.02900355
84.533,38.59999845
84.601,94.28951946
84.668,171.9636868
84.734,3.877169662
84.8,37.25943291
84.855,45.69751701
84.92,68.40329518
84.983,85.46851353
85.108,152.1098251
85.169,56.11133448
85.232,64.65501909
85.293,60.37560185
85.352,204.3932249
85.415,84.55685758
85.48,114.6864043
85.701,215.1385719
85.758,449.6158619
85.814,133.8237205
85.835,446.2004025
85.87,219.1617949
85.926,158.6952918
85.976,3716.042671
85.981,97.61058008
86.036,156.3946153
86.091,552.3195993
86.113,2847.797787
86.205,299.4656397
86.259,82.7296505
86.313,150.7610631
86.366,117.5710828
86.423,97.10959322
86.476,427.7205424
86.529,149.2974255
86.583,175.9353974
86.634,200.5813097
86.66,51.99839925
86.759,26.39986544
86.806,30.59864828
86.812,62.73351807
86.866,64.75676952
86.895,12.26581873
86.919,227.0655396
87.022,37.14522498
87.075,128.3297496
87.183,54.13262516
87.237,67.88903156
87.291,40.90983621
87.346,26.56448704
87.4,33.07148477
87.455,42.00087409
87.51,84.42987689
87.565,307.298318
87.621,71.57644117
87.677,52.32829669
87.741,72.32458729
87.798,90.44834308
87.855,126.7279963
87.913,25.46346435
87.971,47.55133652
88.029,45.04798599
88.088,10.53531593
88.147,53.19044164
88.207,51.65500278
88.27,57.02093562
88.331,76.49638807
88.392,257.9122032
88.455,8.213501435
88.517,152.7780315
88.581,2.352073654
88.645,4.486088056
88.71,0
88.775,23.92884624
88.899,37.2498242
88.967,26.58088712
89.035,0
89.105,57.53940971
89.136,1758.380452
89.177,19.75842607
89.248,67.98124763
89.291,6831.823925
89.32,2100.850066
89.466,202.0674945
89.473,81.48040066
89.541,66.45206702
89.616,1.427412723
89.849,43.26180258
89.928,14.28296461
89.939,28.50920627
90.009,0
90.082,7.488717037
92.233,6.508666841
92.345,45.03454683
92.459,3.155409071
92.575,2.166989636
92.692,22.47904005
92.811,2.057700516
92.931,2.035647457
93.052,0
93.176,0
93.301,12.89102683
93.429,0.937669145
93.558,4.338108419
93.691,3.579804065
93.824,0.906287502
93.958,2.595276856
94.095,5.597094577
94.233,5.769391228
94.337,0
94.474,1.755050571
94.606,1.714971919
94.739,0
94.874,0
95.022,2.254772046
95.149,0
95.289,0
95.43,0.819821448
95.588,2.291350527
95.733,2.506105747
95.893,2.452403264
96.03,2.441257991
96.18,8.76
96.333,7.142523517
96.508,11.30415464
96.664,9.699791766
96.822,3.540292064
96.996,1.237658219
97.145,2.87177044
97.309,23.64256307
97.497,0.705292978
97.68,2.270205431
97.837,0
97.996,0.748539297
98.185,1.465858407
98.318,0.723428936
98.48,0
98.646,0
98.845,0.689834717
99.014,0
99.184,0
99.355,0
99.531,0
99.708,0
99.915,0
100.107,0.742095638
100.291,2.593817687
100.505,4.619654716
100.717,1.11033158
100.985,10.25013961
101.249,9.278063055
101.525,15.17162782
101.838,0.484629505
102.097,0.825194674
103.988,13.93149344
104.376,61.09674148
104.777,96.53664427
105.188,77.09302771
106.032,91.84510807
106.468,32.16007753
106.911,58.00710738
107.361,48.76402806
107.813,21.53957861
108.274,34.32148413
108.656,29.26635353
112.495,24.13916367
113.398,19.14835968
113.89,22.41840241
114.07,47.07350056
114.874,48.43077515
115.361,86.32840209
115.9,43.75778801
116.315,51.83677063
116.788,46.47313811
117.196,35.4700699
124.098,41.34593613
124.328,220.2762165
124.541,80.64254603
124.728,67.62578803
125.019,5.823321217
125.277,56.16188888
125.539,85.07181113
125.707,15.05049214
126.046,14.02613653
126.286,27.22155529
126.51,10.07596396
126.739,45.51029219
126.862,535.0232918
126.954,15.66551143
127.089,85.38417129
127.186,23.40420736
127.378,10.43058343
127.494,0
127.568,6.551556275
127.768,5.716197961
127.965,5.650475217
128.155,21.29949757
128.307,9.43550701
128.526,37.91726853
128.707,7.103453245
128.873,61.27541984
129.049,62.58960538
129.177,350.5342633
129.231,9.29271706
129.397,14.28590221
129.491,2509.645348
129.562,34.35247637
129.735,29.16728902
129.902,17.35089697
129.907,131.0431429
130.068,20.24106565
130.234,20.9326575
130.399,31.7111684
130.55,9.207767098
130.718,8.692244019
130.911,12.5157339
131.228,18.46677464
131.4,10.59915136
131.566,34.69403902
131.738,16.97150264
131.751,10.11421141
131.912,34.4192541
132.107,32.0510768
132.313,72.12096725
132.491,53.14317717
132.685,12.39146505
132.86,18.92571429
133.059,27.20200918
133.257,38.51037982
133.462,10.89579525
133.663,37.03751914
133.858,70.57745711
134.09,14.6487056
134.228,64.55055841
134.414,26.37985276
134.589,79.42045464
134.797,40.37072705
134.917,57.93603887
135.072,63.63343056
135.249,33.20415025
135.417,117.0925103
135.586,136.2976692
135.746,115.4809123
135.913,275.0379266
136.061,381.9631393
136.572,93.91059081
136.679,230.5048185
136.805,72.87099318
136.931,68.70415138
137.041,36.24575807
137.164,47.93627475
137.285,49.72350006
137.406,32.54288158
137.519,237.3368861
137.624,39.5607059
137.752,86.40248725
137.869,28.29951665
137.989,3.373074063
138.104,176.2575665
138.211,294.1558271
138.328,4.352678784
138.406,143.1203702
138.503,148.4888108
138.533,96.36751316
138.629,193.9233603
138.725,105.454546
138.821,380.6532563
138.915,367.9517239
139.01,355.4871795
139.049,128.4135605
139.129,152.6054967
139.137,13.87938892
139.229,37.49472833
139.32,47.11168387
139.403,69.99628096
139.477,171.3008302
139.567,79.83416911
139.657,164.6375401
139.736,92.06149203
139.825,45.85076433
139.913,91.62680161
140.002,265.3994082
140.09,136.9520574
140.177,40.41126075
140.265,273.0658686
140.344,16.44870845
140.43,50.47584659
140.517,148.0838339
140.603,45.73062498
140.69,88.6862037
140.777,76.61054421
140.863,111.2073496
140.948,82.11762027
140.982,208.6049257
140.987,74.06995759
141.066,43.38540851
141.152,80.22766737
141.237,56.11016679
141.323,104.4189709
141.402,74.14071336
141.493,50.16810288
141.573,91.91694831
141.658,87.19178017
141.743,142.4586716
141.829,263.9246732
141.917,67.30308405
142.003,58.67625487
142.089,35.69551663
142.168,47.6243816
142.255,14.59126766
142.341,62.7059207
142.428,50.11801073
142.514,245.0879377
142.604,75.47877849
142.692,171.4471172
142.795,227.2678498
142.802,62.39713448
142.905,29.59064149
143.009,84.11989573
143.114,70.89301591
143.219,87.69308904
143.325,70.65028185
143.432,142.2830244
143.539,71.71459677
143.647,157.5552522
143.755,35.27683158
143.814,62.22280905
143.91,29.73433889
144.02,90.6294836
144.132,46.0818025
144.244,138.3096569
144.358,117.272487
144.472,53.96653897
144.586,92.69750139
144.702,27.39458895
144.759,183.615298
144.776,41.95244228
144.901,75.62629989
145.036,63.85647827
145.172,107.986271
145.31,85.40022328
145.449,22.06893989
145.59,39.51838589
145.733,67.86387623
145.764,86.30721209
145.908,49.23327161
146.054,139.0860521
146.202,121.7145137
146.352,35.0656144
146.504,197.3089487
146.658,90.72160582
146.814,118.5622669
146.971,39.17861357
147.065,405.6466664
147.081,96.21248331
147.239,148.6148234
147.405,177.8481907
147.574,147.4463829
147.744,93.89992812
147.917,75.85516863
148.093,211.5100343
148.142,123.3802782
148.31,63.90771832
148.497,70.32481328
148.675,32.99364379
148.861,158.5671295
149.05,475.4342851
149.241,95.77867117
149.31,471.1839685
149.916,113.7433624
150.014,160.4714809
150.219,65.97413487
150.428,124.3473677
150.64,227.8094283
150.855,325.9228312
151.073,83.95896733
151.295,40.77640271
151.591,278.0210545
151.82,58.82824044
152.052,332.2677246
152.288,75.45546606
152.528,52.3942019
152.792,323.1605078
155.36,11.14048758
155.644,1.68958217
155.933,19.25627078
156.226,8.670198609
156.523,17.36001736
156.825,9.823511563
156.977,80.92577075
157.266,19.24221088
157.578,17.7920092
157.895,18.74756956
158.338,33.01045153
158.665,40.41964862
158.851,28.70152674
159.186,37.36619995
160.041,21.36140689
160.354,22.38577589
160.674,79.41402472
161.013,827.9351936
161.243,55.13400012
161.583,28.81966265
162.096,50.56762452
162.454,55.8909464
162.818,24.23900547
163.189,74.05363402
163.566,36.74467087
164.1,81.75854609
164.492,65.65302002
164.889,21.55169352
165.291,5.538272323
165.588,500.333488
165.923,10.011349
166.339,10.03603918
167.183,5.857113719
167.612,4.048835738
168.082,16.04030913
168.11,13.52521097
168.548,12.55643224
168.986,14.30472629
169.431,11.69222055
169.879,9.213777213
170.33,12.00419328
170.785,12.05760683
171.235,1.043884643
171.649,11.83147633
172.111,0.687178214
172.575,4.871311409
173.041,4.585889217
173.505,6.030621742
173.975,5.581850619
174.462,7.216762372
174.904,9.968534784
175.377,9.785415972
175.851,17.33684766
176.326,9.295736655
176.801,6.079603493
177.273,8.708753156
177.748,7.465157131
177.927,12.09913214
177.991,3.337960477
178.476,3.285060203
178.87,7.552172915
179.646,12.3353676
180.095,86.94878072
180.607,11.72932827
181.121,4.941287892
181.633,15.63834808
181.725,16.0433086
182.235,16.86669596
182.804,3.977254742
183.148,7.409008078
183.556,7.1080109
184.056,3.177598054
184.549,7.960683322
185.042,2.337561645
185.528,3.477214558
185.922,5.002910672
186.141,247.1105705
186.194,6.880668273
186.593,7.992301977
187.013,6.036319654
187.429,13.28984952
187.499,5.64205673
187.911,6.867685703
188.294,9.84290364
188.698,10.43719235
189.097,4.881726532
189.494,3.609671666
189.884,30.97802111
190.268,5.713773675
190.48,8.440057129
190.856,16.45850791
191.343,23.41797496
191.456,34.32077701
191.818,70.04107051
192.179,23.38110528
192.531,10.91763076
192.88,12.33231399
193.227,26.30080501
193.259,16.33970848
193.539,48.2408517
193.87,27.32107262
194.198,46.23599326
194.522,25.29720148
194.843,9.267176586
195.158,11.47404111
195.472,22.39788383
195.774,11.9438781
196.092,11.24535812
196.214,13.51778256
196.519,5.752636863
196.822,10.99827879
197.122,29.38693922
197.418,20.23138426
197.715,7.914371258
198.009,15.29698846
198.303,4.219535586
198.583,18.90064483
198.883,3.804335263
198.984,105.7736348
200.909,8.783772184
201.227,11.00679855
201.554,25.33167649
201.849,9.101669424
202.168,8.397956696
202.486,2.542188755
202.806,11.17841358
203.126,19.82768862
203.309,7.059035663
203.956,11.83315144
204.283,8.246484894
204.374,30.88053112
204.405,8.913250127
204.729,36.86813934
205.055,13.95318336
205.385,8.903512834
205.717,10.93011759
206.054,12.91503533
206.391,24.17934673
206.711,5.575064149
207.058,6.083591962
207.407,12.28882766
207.567,8.302969386
207.902,6.197503686
208.26,4.849085458
208.603,7.874884083
208.971,17.22454036
209.344,13.10064508
209.724,27.53419209
210.108,21.49208507
210.432,227.8597317
210.456,17.6403399
210.869,67.82173021
211.286,63.69211169
211.712,41.42178624
212.143,37.7897864
212.58,36.03648463
213.028,45.09531853
213.481,39.95750653
213.944,22.89597709
214.413,24.92333384
215.056,9.558073956
215.544,10.47449923
216.551,0.656993496
217.067,8.126439441
217.595,33.00034884
218.191,170.0567919
218.223,14.43953904
218.73,17.2285063
219.234,28.04128697
220.277,15.78905757
220.603,10.96637389
221.083,4.86568345
221.593,7.708395833
222.092,4.978469307
222.587,10.26562125
223.079,16.24573614
223.519,66.90694092
223.603,24.28680893
224.055,29.11074752
224.533,66.18286578
225.011,12.63997325
225.48,23.23868537
225.894,22.85617761
226.408,19.52012586
226.701,9.484987929
227.096,99.22561002
230.768,14.51435487
231.259,1.390617711
231.777,6.35503501
232.301,2.597422862
232.833,0.612982269
233.343,0.86027374
233.876,1.112714588
236.284,92.70079642
236.359,1.642465333
236.93,11.20058922
237.556,4.095044341
238.191,3.26769916
238.84,4.326989931
239.509,3.310806747
240.275,4.469305459
240.953,0.560773744
241.668,1.834681112
242.405,13.82872794
243.156,1.299037671
243.926,2.290698747
245.23,2.179761793
246.054,4.714454412
246.797,0.146298747
247.643,6.013074308
248.529,2.284753384
249.146,127.011423
249.197,1.0260602
249.987,1.301952739
250.776,3.514933497
251.581,3.520698186
252.405,1.43706953
253.246,2.515950099
254.114,1.897156878
254.823,0.644528081
255.717,0.60085646
256.632,0.931073714
256.949,1.156709912
257.842,1.55395073
258.811,1.871219706
259.801,2.112221547
260.783,3.732984403
261.715,4.864772256
262.297,4.460245565
263.178,5.10014925
263.98,3.116568954
264.809,1.434848029
265.619,1.409770665
266.416,2.335821305
267.336,1.339028781
268.103,5.61801471
268.919,1.545090341
269.145,2.81071489
269.921,3.368679197
270.767,1.15404972
271.636,1.918449824
272.534,2.210476649
273.459,2.784176199
274.432,3.385926882
275.002,1.842551272
276.033,3.229876244
277.146,1.680385731
278.312,0.686040064
278.811,0.375516315
291.238,7.917323074
292.517,12.69201312
293.777,8.231304283
295.87,4.745946759
298.007,6.149723004
302.214,13.77321464
305.56,7.633961573
309.327,4.009317331
310.848,5.335863649
314.881,8.947628762
319.098,10.19200275
322.894,6.427526166
327.246,8.716103337
330.815,7.748106859
334.166,7.201524797
335.289,10.18533393
338.403,10.46168319
341.299,24.98900404
344.234,15.10511614
346.917,28.24426171
349.173,29.85700748
351.711,27.81051362
352.849,9.501435018
355.183,53.84219703
357.88,27.78622133
360.583,108.4518745
362.957,46.58669673
365.206,87.02930623
367.186,76.88375424
368.081,38.37426636
369.917,32.16218229
371.793,89.70433487
373.571,104.4890082
375.287,211.9176586
376.931,185.6265322
378.584,504.7931323
380.092,241.792501
381.633,166.3288201
383.152,654.1953822
383.467,66.9349308
383.896,143.8479565
384.852,113.7588117
386.393,156.9550596
387.96,70.64340804
389.564,74.6929697
391.218,48.86689952
392.934,88.11657068
393.618,133.1122342
395.266,133.1932299
397.171,189.9573363
399.179,105.3287659
401.279,227.0265212
403.393,137.0571475
405.377,158.077635
407.019,4.155340741
413.647,60.90929691
415.052,93.71515233
416.257,52.15569415
417.092,40.47282156
417.648,150.8619478
417.966,141.0768447
419.422,78.93068007
420.903,80.98739304
422.356,166.1888086
426.572,154.9807675
428.659,123.2014649
430.087,138.8965014
431.563,299.3081943
433.024,321.2743549
445.967,9.456609409
446.144,1.651265683
447.429,0.488149571
448.896,1.566119677
454.237,4.831159414
455.57,5.323801969
456.908,0.097057463
457.333,1.754210785
458.636,0.784770103
459.968,0.685860008
460.589,0.595649545
461.967,1.779456775
463.253,0.745129211
464.542,0.715083124
465.09,0.94448635
467.46,1.590534333
468.718,2.594919607
469.954,0.501645945
471.191,0.649421761
475.545,111.2404611
487.56,1.778237352
488.761,1.761393258
489.924,1.278694377
491.078,0.652145241
491.479,2.443871504
492.544,1.772050374
493.653,5.518635063
495.81,1.469084612
496.82,0.867586131
497.783,1.554591347
498.978,27.93706951
499.097,1.068306308
499.892,2.524994059
500.761,8.206021461
501.586,2.566704148
502.37,1.703588502
503.116,3.237659906
503.825,2.174400107
505.022,1.745511769
505.648,2.516341846
506.242,3.554598884
506.813,3.816305002
507.297,0.688371174
507.797,2.17364552
508.312,0.841236266
508.813,0.896408827
509.302,0.760218252
509.781,2.297708867
510.252,1.031379888
510.719,0.523998547
510.796,223.727548
521.928,40.59422329
527.617,1.246163171
528.603,1.31945126
529.699,2.575424476
530.853,3.236929552
532.049,1.212748068
533.299,1.32787524
534.614,2.073998615
535.069,4.697024842
536.521,0.29256562
538.149,0.303787559
539.953,0.55820835
541.887,0.841280753
543.949,0.970016678
546.141,1.12615069
548.411,0.406694094
550.76,1.134177851
551.939,15.80240797
552.267,0.565572181
554.878,1.085834389
557.658,0.612987831
560.439,0.442594434
563.263,0.181238798
566.022,0.81454362
567.769,0.310936827
570.404,0
573.078,0.19987862
573.3133991,1.053075673
573.5056333,21.44409713
573.665171,4.584028292
573.8737631,9.385112883
573.9716473,8.841344511
574.0518839,38.89493444
574.1222738,3.779069138
574.1876161,59.37555641
574.2519353,0
574.3212787,7.505192338
574.3713221,114.8333372
574.474103,21.32148956
574.6838642,17.08972275
574.850719,3.206654959
575.0587879,1.950727883
575.31,0.547127622
575.912,5.724489263
576.412,1.256214845
577.007,1.570576734
578.14,3.367526032
584.628,90.06145108
585.012,0.869441664
585.582,1.557116242
586.583,1.508900319
587.628,0.092206006
588.69,0.791107019
590.801,0
591.459,0.852037999
591.878,1.396820581
597.871,1.632567891
600.589,0.712315303
605.06,130.8675277
605.751,15.25166007
606.252,0
606.446,7.357091
606.958,0.147108696
607.149,6.553995746
607.65,0.437553807
607.844,2.791278693
608.339,0.327580523
608.536,1.86165067
609.002,0.164292336
609.674,0.63859367
610.332,0.168430839
610.976,0.313684531
612.173,1.455392654
612.806,0.171151871
613.42,0.982342358
614.595,2.547856467
615.654,3.227602155
616.228,2.814959875
616.8,2.666091498
617.379,3.870729632
618.261,35.81036646
618.922,1.580099329
619.519,2.090560065
620.112,5.300700069
620.697,9.183468457
621.266,2.362440228
621.835,2.241184462
622.363,0.735558167
622.926,0.945998253
623.469,2.686467466
624,1.46198453
624.536,5.593069963
625.061,6.682734493
625.749,1.414956418
626.235,4.365125605
626.734,12.74494807
627.234,4.659102665
627.716,1.920789541
628.202,2.111389362
628.45,35.40100684
628.49,2.376909045
628.672,0
628.995,0.710898811
629.493,0.47250405
629.981,1.916584355
630.469,2.408795912
630.94,1.641591906
631.412,1.186592838
631.826,5.09850205
632.284,6.910504449
632.739,2.546374509
633.157,3.364863133
633.626,1.517659787
634.064,1.596060034
634.494,1.532995216
634.886,1.617908231
635.319,3.407873465
635.735,0.54667871
636.146,1.606440498
636.458,43.00140194
636.487,1.239711774
636.842,1.426674801
637.18,3.409628507
637.537,7.43271831
637.891,7.313858577
638.245,2.534316172
638.592,5.787168614
638.851,4.062475839
639.132,4.163190269
639.476,1.920624633
639.819,4.6359873
640.147,8.983615114
640.481,13.7264429
640.815,18.58850006
641.144,14.60744319
641.258,14.06037894
641.546,7.815166897
641.871,2.453572318
642.194,0.332882504
642.516,1.710995856
643.117,85.67037758
644.825,1.679000435
645.017,1.385388395
645.302,0.663185703
645.588,2.019115198
645.865,3.055477531
646.17,10.47393404
646.436,135.1488993
646.502,2.893051329
646.807,3.660402643
647.112,2.021871753
647.415,2.796841578
647.71,4.802288298
648.023,2.70143829
648.319,7.736936934
648.635,5.813173701
648.932,3.385227283
649.256,19.39530817
649.293,5.180433308
649.56,2.707598973
649.852,6.125028992
650.142,4.667365841
650.435,7.739533698
650.728,10.2936472
651.023,4.790342408
651.313,2.082608127
651.591,1.473493344
651.891,0.333652084
652.189,1.019828421
652.492,2.664976234
652.794,2.246745399
653.1,0
653.329,1.72204403
653.638,1.289490764
653.947,2.145183716
654.26,5.220592132
654.573,0.340544605
654.91,7.089200234
655.26,11.96028332
655.569,22.86158024
655.709,26.25952322
655.728,1.391950791
656.35,1.719893879
660.803,11.31146541
661.152,4.709287261
661.516,1.068398208
661.881,51.60997737
662.25,0.754172308
662.616,0.927272107
663.306,14.67227959
663.356,11.89303109
663.73,0.987493384
664.133,1.265921755
664.261,0.451512695
664.669,0.444968538
665.081,12.6039152
665.499,0
665.912,5.411783091
666.324,0.665334887
666.739,0.444491896
666.922,0.6442423
667.336,8.338259628
667.746,0
668.159,2.510384807
668.568,0.206541262
668.977,9.225313651
669.357,0.456355127
669.74,21.91772628
670.146,0.856657986
670.553,1.819728311
670.962,18.36594895
671.367,12.73351318
671.609,13.25544768
672.024,43.39790424
672.072,2.194237372
672.586,8.448696727
673.117,13.49817388
673.643,2.103336016
674.172,23.52184898
674.7,3.681241154
675.225,3.119206534
675.751,8.08814344
675.98,19.22379032
676.472,3.00175776
676.997,0.685769313
677.519,3.698926468
678.043,0.696909486
678.566,9.015000898
679.086,1.883903961
679.608,3.826967383
680.127,6.255070337
680.564,38.2395234
680.591,1.396132827
681.014,0.250316673
681.254,1.229511447
681.677,1.709433164
682.099,4.157505889
682.521,1.723812849
682.943,0.977541524
683.175,3.372246257
683.6,3.798767979
684.022,4.943614891
684.443,18.98882047
684.864,8.067999871
685.284,4.552752744
685.715,27.48635122
686.136,0
686.559,21.79163538
686.98,26.07539339
687.4,7.99103675
687.82,12.24623963
688.24,536.1899381
688.986,5764.435741
690.145,6.616914863
690.682,28.80279733
691.219,55.13170283
691.757,15.32771813
692.295,70.00254938
692.832,27.19789338
693.37,16.74232018
693.909,65.70745003
694.322,783.4910623
697.45,21.20622855
697.845,2.920691331
698.27,22.82695046
698.696,25.70825625
699.119,13.72467433
699.546,31.74802963
699.736,22.67172245
700.135,10.5364433
700.559,16.22099344
700.987,5.446213893
701.412,13.13362167
701.84,25.08697105
701.99,8.495027715
702.364,0.135394559
702.793,11.94046814
703.128,2.361677791
703.527,4.082819466
703.944,14.12194901
704.374,2.686267236
704.802,13.75992167
705.234,29.59755696
705.666,3.858122818
705.9,9815.760834
705.968,1.419283023
706.484,1.005791536
707,11.30325906
708.163,49.19827249
723.659,10.17699137
723.976,2.930206252
724.131,5.883273875
724.47,3.088663251
724.81,0.996219654
725.151,6.579883496
725.496,6.636808391
725.838,0.792486537
726.27,1.092098367
726.614,1.148170199
727.003,4.991444371
727.261,4.61823953
727.61,7.285732389
727.956,6.279185926
728.302,8.844946354
728.4,0.226369145
728.758,30.50622459
729.103,14.76363178
729.459,17.53607259
729.8,14.05008021
730.131,14.42253629
730.504,20.67716497
730.851,15.1355297
731.115,11.58788889
734.194,2.915501822
734.642,9.462194169
735.091,10.68807818
735.541,6.661813801
735.993,15.59259285
736.445,24.57496484
736.899,17.18632361
737.532,40.12938833
738.375,11.29150498
738.83,27.95444567
739.29,33.42430843
739.751,28.50907428
739.78,27.58943079
740.25,8.605318336
740.718,14.84723523
741.179,217.8234456
741.646,6.418525933
742.587,0.576008058
742.98,2.061257298
746.664,14.19405051
748.284,11.72893318
748.614,4.616614606
749.276,4.038022408
749.941,9.337845843
750.608,16.44760523
751.279,44.2264414
751.952,8.748370197
752.627,15.36612459
753.546,109.7398968
754.093,48.76087343
754.606,58.19647018
754.791,5.23958198
755.275,37.88691504
755.797,7.855339328
756.315,31.69232906
756.836,10.86744878
757.362,10.40862426
757.886,9.016618858
758.416,9.669844364
758.943,21.21467361
759.476,15.65443572
764.843,132.0987937
778.942,5.674219052
779.509,3.793569387
780.077,3.511855998
780.652,7.562489937
781.225,1.906890792
781.835,64.89857012
782.38,2.924363909
783.376,5.621031465
783.957,1.938905297
784.546,1.302208195
785.131,12.51686822
785.718,8.593236376
786.201,29.25530899
786.797,17.45214363
787.39,10.0101439
787.986,4.483661916
788.588,2.777357103
789.788,5.841633512
790.109,8.667673637
790.985,64.91525187
791.872,33.18554061
792.771,34.3772207
793.68,33.58776728
794.599,19.48726994
795.529,84.02498607
796.469,544.6048356
797.181,292.2196546
798.138,329.1010729
799.105,164.4157248
800.081,64.48309714
801.066,109.646901
802.06,41.47856395
803.062,12.61098302
804.073,239.7836823
804.76,19.99497457
804.951,9.461348703
805.265,9.481770336
806.08,164.0316108
806.901,19.08631911
807.732,179.3431607
808.562,156.7618348
809.396,100.722843
810.235,2.676295914
811.078,35.67379671
811.926,102.2437987
812.724,26.28457099
813.579,21.15502729
814.438,29.58436
815.035,136.9877547
815.901,193.1457446
816.77,146.1007168
817.642,14.87487557
818.954,7.165045235
819.835,10.2793043
820.718,7.748995089
821.696,8.091592092
821.766,1.931045479
822.888,3.149170093
824.014,3.342154704
825.145,0.893971568
826.137,13.51734988
827.275,2.26671488
828.415,13.79766379
829.56,2.226142124
833.081,5.781029659
835.901,63.04222981
836.988,11.49581805
837.184,13.40062993
839.661,10.10374915
839.996,73.7918242
840.869,9.154261376
841.743,7.77183835
842.624,7.808185429
843.499,8.793150549
844.374,5.820735301
844.673,39.00934148
845.547,19.14468066
846.422,4.612582786
847.304,4.256413458
848.754,2.486908617
849.628,8.012821072
850.502,10.10109576
851.375,37.99199299
851.47,10.38143573
852.342,12.59427117
853.214,3.998243016
854.084,7.912435075
854.846,5.494401758
855.722,7.489981019
856.59,4.095296362
857.781,11.97214897
864.94,3.665965488
865.855,4.17068859
866.773,3.843769204
867.682,4.006703598
868.596,2.322781697
869.212,8.194745612
870.12,17.07769197
871.019,52.32056873
871.636,69.74590464
872.308,7.052522256
873.04,6.205837133
873.707,2.042767768
873.92,2.933341192
874.811,2.718523441
875.391,19.52059878
875.453,3.620886002
875.889,8.093972391
876.839,13.18983339
877.784,11.24416059
878.725,4.279306563
879.66,13.50454751
880.591,14.56428653
881.516,12.26794677
882.436,17.38201263
883.351,7.851714831
883.474,12.47315596
884.44,38.20036928
885.233,11.24080496
886.129,14.69238675
887.02,5.928867191
887.904,10.09702314
888.782,6.298047697
889.653,5.241873755
890.382,64.86523884
891.186,8.49204991
891.594,12.05681633
891.649,6.334078128
892.044,4.662945926
892.871,11.22863811
893.691,4.964284478
894.498,54.66949847
895.303,19.66481401
896.096,11.17664601
896.887,15.96814983
897.67,21.32508638
898.44,20.18760375
899.629,15.77284217
905.55,24.74165801
905.6,31.77224238
906.397,24.14892015
907.175,4.29936621
907.945,14.35643541
908.698,33.2260039
909.441,20.47781544
910.171,4.029498946
910.883,16.53157917
911.584,29.13809394
911.964,37.71586612
912.513,31.45940448
913.18,27.67526359
913.833,22.10565728
914.466,33.68333991
915.089,25.7765521
915.694,17.82098604
916.292,36.28317306
916.433,30.67860658
916.462,20.90148707
916.949,56.94911956
917.425,27.66384201
917.898,19.25478348
918.362,27.05755495
918.822,41.86459068
919.273,11.8335709
919.722,56.6221147
919.983,32.1794986
920.423,26.31255352
920.856,24.09060629
921.286,47.66301063
921.709,32.82313856
922.131,43.99907542
922.508,60.96461458
922.792,27.37131438
923.204,14.05831398
923.61,11.7296763
924.015,403.564685
924.415,302.1071585
924.662,152.4660531
924.683,269.2697975
924.842,28.01261983
925.201,13.11508973
925.555,38.57144535
925.911,44.94769269
926.262,33.91404969
926.615,50.61819931
926.965,44.81022546
927.389,51.53306802
927.737,46.08602909
928.088,49.59064728
928.435,115.1022099
928.785,590.8593512
929.019,174.7482376
929.37,1556.32993
929.721,505.2453613
930.073,1828.856336
930.426,440.0655409
930.78,38.87747707
931.135,37.83389054
931.492,349.7805517
931.85,73.34473457
932.03,115.9480166
932.06,145.3253772
932.536,145.1920221
933.007,579.7019755
933.4,780.5576807
933.86,567.0754287
934.315,144.0492496
934.764,746.6386597
937.227,16.75173934
938.887,140.8259783
939.205,218.8007939
939.517,89.03390334
939.829,990.713783
940.138,886.2693333
940.442,76.6377226
940.745,349.3395746
941.046,178.1369386
941.215,32.37389854
941.491,46.00140552
941.786,346.4259564
942.078,43.82200542
942.255,12.05332028
942.48,43.62632632
942.767,1.87937945
942.964,20.89784758
942.978,16.52686741
943.207,9.838348819
943.464,12.07405578
943.725,38.39200827
943.999,51.58153522
944.291,1500.538047
944.32,28.70074215
944.601,18.92088198
944.622,41.22166467
944.958,58.88034915
945.25,18.21753657
945.581,36.64952994
945.909,4.853912456
946.234,6.574033971
946.401,32.98769145
946.722,8.339227724
947.04,2.287431135
947.356,8.94170539
947.668,24.87047815
947.94,22.43283044
948.249,15.23947722
948.555,7.641365966
948.84,45.76327901
949.142,11.71478131
949.243,13.59548125
949.565,26.09949969
949.836,16.50768495
950.314,23.55979077
950.579,16.16856958
950.707,6.190741698
950.972,10.97914128
951.234,18.7373028
951.495,32.93699878
951.756,90.97101868
952.015,314.2894742
952.111,226.1420258
952.369,37.30317548
952.627,699.8091149
952.883,586.4002016
953.393,208.2719635
953.649,104.985206
953.889,59.22024064
954.027,79.77044174
954.044,175.7278101
954.322,17.41707058
954.6,13.4814948
954.877,46.80753734
955.154,5.690909881
955.43,2.032516912
955.706,0
955.982,0
956.258,0
956.457,1.074701795
958.368,0
958.581,0
960.598,16.30220045
960.817,91.38546064
961.037,5.497949026
961.256,21.81863431
961.478,5.800541276
961.7,23.39756022
961.924,28.61447989
962.147,3.480196205
962.302,12.75317645
962.528,5.542517584
962.607,11.94800681
962.848,80.74085104
962.904,1.727964601
963.167,1.474006646
963.47,0
963.775,0
964.082,0
964.392,0.846458975
964.704,0.801681437
964.904,0
967.921,0.461642783
968.034,0.406443096
968.303,2.955645778
968.574,0
968.847,2.643276772
969.122,1.642752567
969.397,4.970053909
969.677,3.453466868
969.959,3.238378134
970.243,0
970.529,3.37043902
970.644,1.368813799
970.934,0.337492991
971.227,10.46896958
971.521,0.69848982
971.816,2.05012215
972.116,9.307436411
972.419,0
972.724,15.88921632
973.032,9.395850831
973.34,25.65296673
973.603,11.68538678
973.628,0.98936898
974.033,3.664503356
974.442,35.51033469
974.856,231.1038525
975.191,62.62439527
984.39,724.435704
984.918,354.3757439
985.449,331.3863474
985.986,347.1967572
986.534,445.4919671
987.085,380.0059977
987.628,192.9248014
988.194,153.6243852
988.837,3.176815608
988.9,284.7440466
989.4,142.705536
989.864,135.5179577
990.371,117.629823
990.879,25.46675062
991.392,32.34988824
991.911,43.76448647
992.434,26.07855028
992.965,37.60646038
993.498,6.678169012
993.844,74.26775142
994.388,15.68698765
994.933,7.240266221
995.482,5.134277521
996.035,52.61805351
996.592,358.3349011
997.158,839.2383745
997.723,641.7711902
998.258,1227.258279
998.318,335.7081126
998.892,64.46508093
998.927,116.8944336
999.495,149.578374
1000.046,52.55847653
1000.622,381.6303359
1001.197,53.09545006
1001.753,251.5196672
1002.334,527.5786902
1002.923,471.5658371
1003.51,24.7851819
1004.105,18.6546602
1004.754,14.80977733
1005.24,15.60637721
1005.844,0.566054629
1006.445,22.41447117
1007.054,24.46769357
1007.661,9.62076396
1008.275,18.84607805
1008.892,20.930304
1009.506,58.37216028
1010.127,2.144556409
1010.36,0.736566749
1010.889,4.425362831
1011.39,4.702396929
1011.869,8.030005729
1012.435,2.628771715
1013.008,4.763992016
1013.578,0.988280501
1014.154,1.204270643
1015.159,5.325426136
1015.738,6.967059346
1016.319,6.233457138
1016.896,6.501928871
1017.479,20.5120344
1018.059,6.959931907
1021.672,1.895587184
1022.222,3.81078553
1022.48,10.75009775
1022.56,4.224504584
1023.136,14.37917471
1023.439,4.773091849
1024.016,0.73102549
1024.633,2.778742977
1025.255,0.768204584
1025.872,1.125967867
1026.49,1.360946482
1026.989,2.516097518
1027.572,4.260131053
1028.19,25.58620289
1028.808,24.8630627
1029.426,337.9406886
1030.044,96.17373996
1030.637,28.41865629
1031.18,21.91358302
1031.797,7.51429761
1032.414,37.15179087
1033.031,20.67721747
1033.622,61.99964791
1034.157,38.46026632
1034.638,40.03753572
1034.921,48.04524732
1035.03,133.3907666
1035.475,363.2429859
1036.582,26.52577306
1037.154,3.610432755
1037.725,3.423324049
1038.291,14.47084276
1038.703,5.854666434
1039.203,2.516979897
1039.766,7.452048684
1040.332,1.398369402
1040.898,0.161086696
1041.457,0.513284292
1041.88,0
1042.408,1.061783354
1042.964,0
1043.523,0.389625348
1044.081,1.177350878
1044.685,22.36647264
1045.187,0.175211948
1045.74,3.043642514
1045.854,2.465267489
1047.063,0.797424952
1047.101,0.950263294
1047.709,1.400902771
1048.31,1.225381677
1050.7,0
1051.288,0.485348306
1051.925,0
1052.507,0
1053.092,0
1053.669,0.168305182
1054.247,0
1054.818,0.369826705
1054.902,0
1055.469,0.729283898
1056.037,0
1056.598,0
1057.159,0
1057.713,0
1058.361,0.179074831
1059.267,0
1059.739,0
1060.205,0.201499597
1060.671,0
1061.13,0
1061.59,0
1061.946,0.177239269
1062.34,0
1062.791,4.420130443
1063.224,0.412375916
1063.666,0.606672302
1064.108,0.405655114
1064.542,0.560997091
1064.978,0
1067.77,1.431586005
1068.268,1.302716479
1068.34,0.554563728
1068.949,0
1069.355,0
1069.754,0.282446921
1070.148,0
1070.543,13.81219465
1070.931,27.99350579
1071.317,7.269635599
1071.679,1.115926557
1072.012,6.383697568
1072.389,1.924944731
1072.767,0
1073.138,3.174751054
1073.507,7.451231
1073.876,4.665205525
1074.238,6.10849909
1074.466,2.883819866
1074.734,9.518442992
1075.093,10.64278997
1075.447,1.496310845
1075.801,91.70302764
1076.149,4.022933688
1076.174,8.712681035
1076.498,27.26421953
1076.616,7.681606594
1076.994,0.872146147
1077.455,1.454704989
1077.914,3.204573836
1078.365,2.171926553
1078.637,3.114176627
1078.998,5.733112742
1079.469,103.1779478
1079.877,1.853135113
1080.309,0.640658532
1080.739,12.97698238
1081.162,4.971516706
1081.58,9.634698481
1081.958,32.77157948
1082.16,16.91200381
1082.186,78.78983469
1082.592,24.62532158
1082.997,28.16785621
1083.398,23.87941199
1083.792,23.84623245
1084.185,108.8352745
1084.574,30.40144235
1084.958,64.53160681
1085.34,4.21161841
1085.45,51.46206475
1085.825,11.66944904
1086.199,0
1086.569,8.988650625
1086.934,0.248297833
1087.297,2.713922259
1087.658,32.91305263
1088.013,14.51096546
1088.301,2.070895898
1088.394,11.62072265
1088.616,79.8109183
1088.909,338.0756967
1089.202,22.3110468
1089.49,153.6797217
1089.779,38.07062471
1090.063,212.4351219
1090.138,136.2522318
1090.422,20.74430288
1090.702,142.3847748
1090.982,31.59216371
1091.258,17.66623901
1091.535,45.17098365
1091.807,45.45607654
1092.082,24.22921016
1092.495,3.582834693
1093.128,95.23990859
1093.431,354.4888966
1093.511,16.4508259
1093.632,4.55738516
1093.662,66.58650063
1093.79,33.35352808
1094.032,69.24963761
1094.29,44.33677445
1094.546,37.08937476
1094.8,70.99066971
1095.051,49.70286374
1095.303,7.50153473
1095.554,35.36690156
1095.803,44.42790448
1096.049,29.30533482
1096.127,45.09553419
1096.374,29.46023608
1096.611,38.08797555
1096.854,33.44433592
1097.097,16.14638404
1097.302,25.09549423
1097.437,358.425175
1097.639,80.56027013
1097.879,25.7956171
1098.118,9.579308232
1098.158,28.46017477
1098.398,10.87827551
1098.424,42.27128452
1098.604,5.136825129
1098.917,120.7700693
1099.137,34.72093447
1099.356,45.94212741
1099.575,28.33736896
1099.794,20.79566213
1100.012,16.31800761
1100.23,42.0020724
1100.447,19.85254
1100.664,68.15313272
1100.762,16.30988944
1100.951,113.9625334
1101.167,90.64733476
1101.381,51.60275684
1101.576,30.17204949
1101.75,29.7051628
1101.858,55.2183183
1102.072,40.47522865
1102.284,27.42293094
1102.613,30.12044367
1102.846,4.083153623
1102.863,20.23796069
1103.117,81.77014648
1103.379,22.70427697
1103.658,11.17389916
1103.937,23.97202746
1104.216,21.14586755
1104.495,12.70152964
1104.82,14.89440791
1105.099,21.37295074
1105.378,396.3032913
1105.658,4.962529402
1105.938,24.64771034
1106.096,56.8964831
1107.345,63.17772204
1107.487,34.8319962
1107.647,7.203488369
1107.862,44.0656879
1108.038,87.84225039
1108.184,35.63081746
1108.37,88.8840287
1108.557,8.671309612
1108.743,32.26089162
1108.931,17.93585797
1109.116,5.497433124
1109.305,9.279111526
1109.493,3.933952015
1109.682,4.914276031
1109.872,11.94348164
1109.958,12.68813895
1110.148,11.29637755
1110.34,18.54436451
1110.531,9.513527812
1110.723,24.75478893
1110.916,31.54264055
1111.108,25.32870689
1111.302,46.70904791
1111.497,30.78193121
1111.77,249.0607865
1114.23,11.20641581
1114.505,15.08683298
1114.781,29.20472091
1115.06,13.78988875
1115.34,5.933661903
1115.623,8.935671415
1115.907,191.3318616
1116.193,14.89014682
1116.48,2.214952064
1116.738,20.1159666
1116.816,4.403007634
1117.394,24.58003193
1117.715,3.219869813
1118.038,3.448290708
1118.695,31.240219
1119.027,38.25593201
1119.266,57.66854405
1119.603,103.0592435
1119.943,41.60056141
1120.284,26.09895225
1120.619,116.2718068
1120.954,391.300237
1121.285,17.12475152
1121.613,15.76038463
1121.936,36.9905115
1122.23,122.0915786
1122.326,23.56688147
1122.556,67.96461368
1122.86,11.59218835
1123.161,318.5402954
1123.459,51.84743992
1123.755,118.9189321
1124.049,23.09164627
1124.34,32.01369889
1124.629,408.9568626
1124.868,271.8540565
1125.152,21.62100219
1125.434,7.590268042
1125.714,86.50067546
1125.992,77.68129817
1126.268,10.8213598
1126.542,40.66398723
1126.814,48.56152891
1127.24,214.360398
1127.477,78.47616708
1127.729,429.3260369
1127.98,84.96218497
1128.227,207.7478772
1128.475,36.63464188
1128.719,107.9826431
1128.964,56.36642423
1129.426,580.3663851
1129.665,52.09005972
1129.904,7.491112475
1130.12,8.714532956
1130.326,13.36085685
1130.562,25.38822778
1130.797,31.2595702
1131.015,16.1129143
1131.246,19.52171193
1131.478,18.61090495
1131.618,28.29125049
1133.341,3.980951283
1133.524,9.10377052
1133.719,71.65723352
1133.913,30.47666756
1134.107,91.69663395
1134.3,189.5178729
1134.492,94.97840598
1134.673,73.60760491
1134.908,210.2219837
1134.942,19.36809304
1135.103,12.59883138
1135.287,74.05767253
1135.471,67.15081425
1135.666,20.83604756
1136.031,22.30074845
1136.214,87.15783557
1136.397,59.60384541
1136.491,180.7620045
1136.663,75.37737671
1136.796,31.16331772
1136.942,7.330973405
1137.095,89.43123504
1137.278,4.366213494
1137.407,53.64463653
1137.59,48.83231135
1137.613,23.41788597
1137.79,9.45656718
1137.962,54.86736493
1138.135,2.421475657
1138.319,9.748160027
1138.501,26.79601552
1138.686,7.077254273
1138.935,716.1282371
1138.984,2.634886704
1139.212,6.853139765
1139.472,7.759272482
1139.734,17.3931959
1139.996,15.62322854
1140.259,6.510122219
1140.523,111.5016539
1140.788,18.12890206
1141.182,40.98053325
1141.416,59.06651398
1141.685,41.29444768
1141.955,64.55497169
1142.226,31.0409375
1142.499,32.44016196
1142.773,2.163550424
1147.952,4.53073202
1148.112,2.860767633
1149.003,0.840639535
1153.235,1.179960557
1153.559,0
1153.884,2.181491575
1154.215,4.806372617
1154.546,50.33398007
1154.883,60.02896728
1155.23,624.5790346
1155.571,110.5944706
1155.917,34.37708627
1156.265,47.92887746
1156.618,73.80997251
1156.972,120.5258765
1157.33,63.10063936
1157.711,24.98991725
1157.732,15.62867401
1158.079,22.41751033
1158.429,14.52446687
1158.779,22.98110353
1159.136,8.308453928
1159.496,2.507753697
1159.857,6.738864164
1160.223,7.799209803
1160.593,6.359282904
1160.967,0.622327832
1161.018,1.666092304
1161.395,3.883424827
1161.774,6.368663021
1162.159,7.110006642
1162.547,7.001947147
1162.936,1.023695362
1163.332,5.753880791
1163.732,2.959407369
1164.133,4.119192949
1164.54,39.74077765
1164.745,6.45966028
1164.773,3.957589607
1165.242,36.44513212
1166.19,10.63772254
1166.672,3.593932417
1167.162,8.868045923
1167.654,4.686377975
1168.151,6.95511156
1168.654,2.911736563
1168.768,3.760633105
1169.28,6.133569823
1169.795,4.293393652
1170.316,8.42858652
1170.842,7.238675735
1171.374,7.518198092
1171.915,1.314617162
1172.458,3.204604103
1172.989,6.61322679
1173.142,0.950708448
1173.267,12.15856525
1173.647,1.532210974
1174.157,1.199254052
1174.667,0.465106359
1175.187,12.30396174
1175.711,0.868859392
1176.241,0.413479966
1176.771,0.839921904
1177.311,0.795559312
1179.931,0.383033734
1180.501,0.556063031
1181.076,3.208073276
1181.653,0.170011065
1182.239,0.32633291
1182.831,0.855232615
1183.192,0.239880258
1183.736,0
1184.284,0.346284604
1184.842,0
1185.399,0
1185.962,0.154392546
1186.533,0.151447671
1187.361,0
1187.44,0.294763365
1188.524,0.30816295
1189.117,0
1189.711,0.99047954
1190.31,0
1190.925,0
1191.682,0
1192.295,0
1193.602,0
1194.243,0
1194.892,0
1195.22,0
1195.302,0
1195.965,0
1196.704,0
1197.094,0
1198.341,0
1199.014,0.238501718
1199.125,0.017117117
1201.172,0
1202.627,9.832267484
1203.354,0
1204.092,0
1204.835,0
1205.682,0
1206.34,0
1207.095,0
1207.861,0
1208.624,0
1209.39,0.40377643
1210.372,0
1211.402,0
1212.437,0
1213.605,0
1214.516,0
1215.559,0
1215.852,0
1216.897,0.104598846
1217.942,0
1219.118,0
