Age (MAL1B/1C from Ivory et al 2016)age (kyr),Charcoal (abundance normalized by sedimentation rate),Lake Level (PC1 5pt Smooth)
10.475,,
10.533,64.73986593,
10.961,66.66860896,-0.13654
11.317,15.60985831,-0.1502
11.626,46.64771724,-0.16346
11.908,27.13275848,-0.16552
12.187,65.13895649,-0.1789
12.489,32.79647181,-0.1886
12.806,16.69389809,-0.1862
13.141,17.44173734,-0.166
13.462,27.34411703,-0.19142
13.75,104.5618746,-0.19628
14.047,43.09637256,-0.1876
14.405,31.34993457,-0.20402
14.881,18.98664375,-0.23172
15.488,16.09784267,-0.2106
16.002,13.45133333,-0.20436
16.662,28.35173909,-0.20236
17.387,23.34989248,-0.18674
18.064,16.44450891,-0.17252
18.656,15.86098633,-0.16556
19.185,21.18973849,-0.15934
19.666,25.17455415,-0.15922
20.109,25.13678876,-0.1552
20.528,30.14324513,-0.1537
20.926,32.99312588,-0.15456
21.36,30.99961154,-0.15682
21.75,40.37583682,-0.15692
22.152,63.87599646,-0.15536
22.544,52.84565716,-0.1545
22.933,51.14091882,-0.16162
23.327,22.72168349,-0.15876
24.124,46.66444408,-0.16436
24.571,31.35120653,-0.1679
25.199,31.69303538,-0.17002
25.684,46.81205995,-0.16294
26.11,44.24542668,-0.16338
26.583,24.47510449,-0.16058
27.016,48.70716751,-0.16162
27.412,77.93238994,-0.1622
27.827,34.96081237,-0.15972
28.238,58.37600765,-0.15846
28.57,8.091152701,-0.15528
29.01,36.68642964,-0.1564
29.439,34.32546133,-0.15606
29.843,42.82496172,-0.1692
30.272,33.60432536,-0.17174
30.714,59.02117718,-0.17466
31.17,58.21152696,-0.17354
31.64,87.11294927,-0.16988
31.837,38.37228562,-0.15064
32.611,20.06405703,-0.1501
33.105,15.84193672,-0.14124
33.571,48.938844,-0.1355
34.135,20.56699131,-0.13018
34.605,15.94181996,-0.14654
35.102,34.33988773,-0.14432
35.624,73.80531841,-0.15164
36.076,26.52065482,-0.15988
36.582,27.08845425,-0.16794
37.056,74.97306925,-0.15942
37.564,30.18228855,-0.16256
38.006,33.42459179,-0.15192
38.472,84.75659042,-0.15196
38.943,56.0499375,-0.15386
39.409,31.08399002,-0.16608
39.855,61.87239906,-0.1747
40.334,80.55386172,-0.19858
40.793,59.63518199,-0.19976
41.335,23.38661511,-0.19866
41.619,81.07663077,-0.1899
42.426,39.89842629,-0.182
42.93,53.98062589,-0.18772
43.375,54.88051289,-0.18672
43.816,59.91349845,-0.18724
44.255,81.31454355,-0.18658
44.691,74.51342699,-0.18392
45.123,33.13266522,-0.1729
45.526,39.19095727,-0.1715
46.796,28.09048495,-0.1664
47.123,58.27172143,-0.18176
47.535,23.80618374,-0.1805
47.944,64.52780831,-0.17064
48.348,51.06320954,-0.17074
49.145,37.84279489,-0.17724
49.554,105.0593164,-0.16248
49.687,59.92134334,-0.16264
50.234,56.16753498,-0.17712
50.588,63.69936017,-0.17876
50.945,36.92045086,-0.1792
51.279,98.84934027,-0.19524
51.591,79.40039863,-0.19722
51.874,64.5875709,-0.18082
52.198,41.62331631,-0.17774
52.455,32.93497612,-0.17754
52.7,40.14157223,-0.16334
52.908,79.40269369,-0.16512
53.134,104.8362353,-0.166
53.353,124.2273167,-0.16326
53.567,46.97990205,-0.16288
53.779,39.7922251,-0.16134
53.991,148.6719029,-0.1781
54.204,191.587465,-0.18452
54.421,28.4926338,-0.201
54.687,161.8646232,-0.2038
55.078,49.07139571,-0.20376
55.33,98.60685665,-0.18982
55.595,50.01503695,-0.18842
55.877,151.8281749,-0.18038
56.176,60.3067247,-0.17816
56.497,43.41749654,-0.18596
56.839,23.0529082,-0.19686
57.207,33.97661879,-0.21774
57.601,40.77329876,-0.21072
58.024,21.36099227,-0.2074
58.504,17.72933016,-0.21144
58.993,83.02955534,-0.19702
59.517,111.73948,-0.17638
60.079,93.15561533,-0.1884
60.68,8.721767085,-0.18402
61.357,25.27720094,-0.17128
62.293,28.6096138,-0.17814
63.487,31.20260498,-0.1701
65.807,2.117267885,-0.1592
67.274,5.630050835,-0.16132
68.729,24.84364694,-0.14868
69.94,9.299056779,-0.14196
71.337,13.34267614,-0.1434
72.358,0.8352684,-0.14078
73.102,43.79375292,-0.1466
73.727,147.5156555,-0.15616
73.935,576.3635145,-0.15192
74.117,166.4354814,-0.155
74.317,56.63170303,-0.1581
74.522,304.0883603,-0.09102
74.721,179.6328613,-0.0947
74.917,379.555664,-0.09006
75.111,175.5853208,-0.08544
75.305,165.7160897,-0.00156
75.49,399.6004884,-0.00644
75.835,102.2062655,0.07682
75.866,485.6236381,0.13136
76.018,162.4169146,0.2245
76.105,431.4592737,0.2186
76.198,270.0060612,0.16294
76.369,69.85062754,0.09054
76.543,143.8913059,0.02878
76.545,99.64994032,-0.07236
76.725,81.21413283,-0.15744
76.897,81.45285499,-0.16484
77.233,107.2529756,-0.1749
77.422,82.10901895,-0.17482
77.597,37.28326492,-0.17326
77.748,93.63682053,-0.15934
77.906,79.65187088,-0.17144
78.059,132.5120871,-0.1722
78.216,101.0322473,-0.17148
78.375,126.7448251,-0.1751
78.451,44.04727891,-0.20672
78.875,566.3362583,-0.19142
79.023,77.68849077,-0.1759
79.164,167.6481179,-0.17416
79.304,347.2567365,-0.1696
79.441,61.30883758,-0.14402
79.582,74.80512004,-0.1413
79.716,151.7967508,-0.15306
79.848,266.3825379,-0.15302
79.978,177.0644347,-0.14954
80.107,172.8316894,-0.1509
80.233,161.6373446,-0.14916
80.358,271.0092577,-0.15534
80.48,142.0711144,-0.1547
80.602,514.8381331,-0.15536
80.721,346.4407004,-0.14416
80.84,49.38033216,-0.05226
80.956,264.9333985,-0.0358
81.107,84.59083095,-0.0282
81.381,130.5386604,0.03902
81.49,230.3122427,0.04134
81.597,192.9390342,-0.0433
81.704,190.9781701,-0.04392
81.808,165.2859252,0.00404
81.912,140.0415089,-0.0636
82.014,121.5926834,-0.01994
82.114,707.861052,0.0005
82.217,224.4449017,0.00478
82.315,103.1867654,-0.03636
82.411,95.51773219,0.02866
82.506,28.70144057,0.01064
82.6,245.3134464,0.0112
82.686,48.21841928,0.03362
82.783,93.19487486,0.04704
82.873,101.1863909,0.02606
82.962,196.6111228,0.01892
83.109,44.54011394,0.03088
83.189,125.6718426,0.02192
83.273,73.82004777,0.02586
83.357,189.4745342,0.01296
83.429,41.3040162,0.0175
83.6,124.0417161,-0.0021
83.679,154.8064745,-0.01542
83.756,176.3636419,-0.02592
83.833,198.6985031,-0.03246
83.909,163.4901933,-0.05168
84.058,49.75951852,-0.06234
84.129,181.4410022,-0.08438
84.193,60.02900355,-0.10604
84.533,38.59999845,-0.1469
84.601,94.28951946,-0.15892
84.668,171.9636868,-0.17026
84.734,3.877169662,-0.17802
84.8,37.25943291,-0.19192
84.855,45.69751701,-0.18672
84.92,68.40329518,-0.1985
84.983,85.46851353,-0.21116
85.108,152.1098251,-0.194
85.169,56.11133448,-0.18742
85.232,64.65501909,-0.1752
85.293,60.37560185,-0.16764
85.352,204.3932249,-0.16566
85.415,84.55685758,-0.07656
85.48,114.6864043,0.02472
85.701,215.1385719,0.11982
85.758,449.6158619,0.13364
85.814,133.8237205,0.23736
85.835,446.2004025,0.15598
85.87,219.1617949,0.14762
85.926,158.6952918,0.05786
85.976,3716.042671,0.05776
85.981,97.61058008,-0.02926
86.036,156.3946153,0.04994
86.091,552.3195993,0.05352
86.113,2847.797787,0.05876
86.205,299.4656397,0.05902
86.259,82.7296505,0.06424
86.313,150.7610631,-0.00856
86.366,117.5710828,-0.0859
86.423,97.10959322,-0.08596
86.476,427.7205424,-0.08832
86.529,149.2974255,-0.08346
86.583,175.9353974,-0.0866
86.634,200.5813097,-0.08346
86.66,51.99839925,-0.0752
86.759,26.39986544,-0.0666
86.806,30.59864828,-0.0658
86.812,62.73351807,-0.05374
86.866,64.75676952,-0.05372
86.895,12.26581873,-0.05744
86.919,227.0655396,-0.06264
87.022,37.14522498,-0.05946
87.075,128.3297496,-0.044
87.183,54.13262516,0.01458
87.237,67.88903156,0.01856
87.291,40.90983621,0.01644
87.346,26.56448704,0.01134
87.4,33.07148477,-0.01998
87.455,42.00087409,-0.0855
87.51,84.42987689,-0.0903
87.565,307.298318,-0.08716
87.621,71.57644117,-0.03878
87.677,52.32829669,0.11352
87.741,72.32458729,0.12166
87.798,90.44834308,0.13412
87.855,126.7279963,0.1458
87.913,25.46346435,0.11012
87.971,47.55133652,-0.01138
88.029,45.04798599,-0.00268
88.088,10.53531593,0.05162
88.147,53.19044164,0.11848
88.207,51.65500278,0.17732
88.27,57.02093562,0.1577
88.331,76.49638807,0.2361
88.392,257.9122032,0.17622
88.455,8.213501435,0.13204
88.517,152.7780315,0.0928
88.581,2.352073654,0.11134
88.645,4.486088056,0.08132
88.71,0,0.09464
88.775,23.92884624,0.1183
88.899,37.2498242,0.1027
88.967,26.58088712,0.15048
89.035,0,0.13196
89.105,57.53940971,0.19592
89.136,1758.380452,0.24616
89.177,19.75842607,0.26702
89.248,67.98124763,0.3029
89.291,6831.823925,0.36746
89.32,2100.850066,0.34094
89.466,202.0674945,0.33364
89.473,81.48040066,0.43642
89.541,66.45206702,0.47014
89.616,1.427412723,0.4338
89.849,43.26180258,0.50444
89.928,14.28296461,0.56002
89.939,28.50920627,0.44652
90.009,0,0.39594
90.082,7.488717037,0.39998
92.233,6.508666841,0.37342
92.345,45.03454683,0.36742
92.459,3.155409071,0.46024
92.575,2.166989636,0.3761
92.692,22.47904005,0.31494
92.811,2.057700516,0.24286
92.931,2.035647457,0.14616
93.052,0,0.03354
93.176,0,0.05852
93.301,12.89102683,0.07276
93.429,0.937669145,0.1669
93.558,4.338108419,0.11596
93.691,3.579804065,0.23516
93.824,0.906287502,0.20814
93.958,2.595276856,0.19646
94.095,5.597094577,0.09502
94.233,5.769391228,0.26346
94.337,0,0.31378
94.474,1.755050571,0.4786
94.606,1.714971919,0.60918
94.739,0,0.6995
94.874,0,0.64404
95.022,2.254772046,0.64596
95.149,0,0.60138
95.289,0,0.60338
95.43,0.819821448,0.50338
95.588,2.291350527,0.44616
95.733,2.506105747,0.35788
95.893,2.452403264,0.33928
96.03,2.441257991,0.32768
96.18,8.76,0.44846
96.333,7.142523517,0.49772
96.508,11.30415464,0.42276
96.664,9.699791766,0.30704
96.822,3.540292064,0.16638
96.996,1.237658219,0.03858
97.145,2.87177044,-0.05118
97.309,23.64256307,0.0974
97.497,0.705292978,0.14854
97.68,2.270205431,0.18966
97.837,0,0.2255
97.996,0.748539297,0.24064
98.185,1.465858407,0.1137
98.318,0.723428936,0.11024
98.48,0,0.15414
98.646,0,0.13672
98.845,0.689834717,0.12858
99.014,0,0.10688
99.184,0,0.07134
99.355,0,-0.00542
99.531,0,-0.01578
99.708,0,-0.0496
99.915,0,-0.05578
100.107,0.742095638,-0.05558
100.291,2.593817687,-0.03662
100.505,4.619654716,-0.0581
100.717,1.11033158,-0.0531
100.985,10.25013961,-0.07054
101.249,9.278063055,0.10772
101.525,15.17162782,0.23902
101.838,0.484629505,0.23312
102.097,0.825194674,0.2207
103.988,13.93149344,0.19902
104.376,61.09674148,-0.0105
104.777,96.53664427,-0.1933
105.188,77.09302771,-0.2056
106.032,91.84510807,-0.21448
106.468,32.16007753,-0.22984
106.911,58.00710738,-0.22316
107.361,48.76402806,-0.21626
107.813,21.53957861,-0.21154
108.274,34.32148413,-0.20532
108.656,29.26635353,-0.16906
112.495,24.13916367,-0.15724
113.398,19.14835968,-0.16312
113.89,22.41840241,-0.13708
114.07,47.07350056,-0.13876
114.874,48.43077515,-0.14256
115.361,86.32840209,-0.14976
115.9,43.75778801,-0.13784
116.315,51.83677063,-0.12096
116.788,46.47313811,-0.12364
117.196,35.4700699,-0.05572
124.098,41.34593613,0.03926
124.328,220.2762165,0.13924
124.541,80.64254603,0.20484
124.728,67.62578803,0.31806
125.019,5.823321217,0.33732
125.277,56.16188888,0.27554
125.539,85.07181113,0.27632
125.707,15.05049214,0.26862
126.046,14.02613653,0.26398
126.286,27.22155529,0.26884
126.51,10.07596396,0.30844
126.739,45.51029219,0.31472
126.862,535.0232918,0.28692
126.954,15.66551143,0.28766
127.089,85.38417129,0.33114
127.186,23.40420736,0.41352
127.378,10.43058343,0.44694
127.494,0,0.47068
127.568,6.551556275,0.5227
127.768,5.716197961,0.43178
127.965,5.650475217,0.37152
128.155,21.29949757,0.32728
128.307,9.43550701,0.33708
128.526,37.91726853,0.275
128.707,7.103453245,0.3184
128.873,61.27541984,0.28194
129.049,62.58960538,0.28482
129.177,350.5342633,0.26524
129.231,9.29271706,0.22594
129.397,14.28590221,0.16122
129.491,2509.645348,0.19754
129.562,34.35247637,0.21844
129.735,29.16728902,0.19008
129.902,17.35089697,0.23112
129.907,131.0431429,0.28744
130.068,20.24106565,0.21972
130.234,20.9326575,0.23408
130.399,31.7111684,0.25912
130.55,9.207767098,0.19428
130.718,8.692244019,0.14426
130.911,12.5157339,0.16874
131.228,18.46677464,0.0622
131.4,10.59915136,0.00562
131.566,34.69403902,0.01086
131.738,16.97150264,0.09412
131.751,10.11421141,0.05356
131.912,34.4192541,0.11454
132.107,32.0510768,0.09884
132.313,72.12096725,0.22552
132.491,53.14317717,0.1304
132.685,12.39146505,0.1334
132.86,18.92571429,0.06106
133.059,27.20200918,0.27244
133.257,38.51037982,0.16844
133.462,10.89579525,0.14736
133.663,37.03751914,0.13208
133.858,70.57745711,0.12658
134.09,14.6487056,-0.0472
134.228,64.55055841,-0.09248
134.414,26.37985276,-0.08198
134.589,79.42045464,-0.06742
134.797,40.37072705,-0.05658
134.917,57.93603887,-0.08872
135.072,63.63343056,-0.0998
135.249,33.20415025,-0.10736
135.417,117.0925103,-0.11544
135.586,136.2976692,-0.12932
135.746,115.4809123,-0.13804
135.913,275.0379266,-0.1431
136.061,381.9631393,-0.13518
136.572,93.91059081,-0.12796
136.679,230.5048185,-0.1202
136.805,72.87099318,-0.11042
136.931,68.70415138,-0.08964
137.041,36.24575807,-0.08704
137.164,47.93627475,-0.08024
137.285,49.72350006,-0.08692
137.406,32.54288158,-0.08638
137.519,237.3368861,-0.08592
137.624,39.5607059,-0.08596
137.752,86.40248725,-0.09488
137.869,28.29951665,-0.08742
137.989,3.373074063,-0.09414
138.104,176.2575665,-0.0923
138.211,294.1558271,-0.08768
138.328,4.352678784,-0.08972
138.406,143.1203702,-0.08844
138.503,148.4888108,-0.0846
138.533,96.36751316,-0.08852
138.629,193.9233603,-0.10566
138.725,105.454546,-0.11622
138.821,380.6532563,-0.13166
138.915,367.9517239,-0.13898
139.01,355.4871795,-0.13672
139.049,128.4135605,-0.12484
139.129,152.6054967,-0.1106
139.137,13.87938892,-0.1015
139.229,37.49472833,-0.09484
139.32,47.11168387,-0.10324
139.403,69.99628096,-0.1066
139.477,171.3008302,-0.1028
139.567,79.83416911,-0.10166
139.657,164.6375401,-0.10042
139.736,92.06149203,-0.09944
139.825,45.85076433,-0.10336
139.913,91.62680161,-0.10896
140.002,265.3994082,-0.10912
140.09,136.9520574,-0.11276
140.177,40.41126075,-0.1085
140.265,273.0658686,-0.10224
140.344,16.44870845,-0.10382
140.43,50.47584659,-0.10148
140.517,148.0838339,-0.09974
140.603,45.73062498,-0.09968
140.69,88.6862037,-0.10216
140.777,76.61054421,-0.1004
140.863,111.2073496,-0.05448
140.948,82.11762027,-0.05446
140.982,208.6049257,-0.05614
140.987,74.06995759,-0.06138
141.066,43.38540851,-0.06036
141.152,80.22766737,-0.11054
141.237,56.11016679,-0.0495
141.323,104.4189709,-0.05434
141.402,74.14071336,0.02054
141.493,50.16810288,0.0217
141.573,91.91694831,0.01448
141.658,87.19178017,0.00664
141.743,142.4586716,0.0364
141.829,263.9246732,-0.0316
141.917,67.30308405,-0.03052
142.003,58.67625487,0.00582
142.089,35.69551663,-0.00872
142.168,47.6243816,0.03204
142.255,14.59126766,0.0954
142.341,62.7059207,0.14934
142.428,50.11801073,0.19156
142.514,245.0879377,0.21816
142.604,75.47877849,0.1937
142.692,171.4471172,0.19998
142.795,227.2678498,0.20094
142.802,62.39713448,0.17202
142.905,29.59064149,0.17338
143.009,84.11989573,0.16318
143.114,70.89301591,0.11934
143.219,87.69308904,0.07912
143.325,70.65028185,0.10668
143.432,142.2830244,0.09386
143.539,71.71459677,0.14832
143.647,157.5552522,0.17554
143.755,35.27683158,0.17986
143.814,62.22280905,0.106
143.91,29.73433889,0.0826
144.02,90.6294836,0.01752
144.132,46.0818025,0.02334
144.244,138.3096569,0.01716
144.358,117.272487,0.0352
144.472,53.96653897,0.02796
144.586,92.69750139,0.04668
144.702,27.39458895,-0.00024
144.759,183.615298,-0.00692
144.776,41.95244228,-0.0192
144.901,75.62629989,-0.04238
145.036,63.85647827,-0.08766
145.172,107.986271,-0.10412
145.31,85.40022328,-0.1125
145.449,22.06893989,-0.11812
145.59,39.51838589,-0.12242
145.733,67.86387623,-0.12302
145.764,86.30721209,-0.12924
145.908,49.23327161,-0.12984
146.054,139.0860521,-0.1292
146.202,121.7145137,-0.13762
146.352,35.0656144,-0.1516
146.504,197.3089487,-0.16172
146.658,90.72160582,-0.18546
146.814,118.5622669,-0.1774
146.971,39.17861357,-0.17946
147.065,405.6466664,-0.17612
147.081,96.21248331,-0.17054
147.239,148.6148234,-0.15966
147.405,177.8481907,-0.17878
147.574,147.4463829,-0.1758
147.744,93.89992812,-0.17684
147.917,75.85516863,-0.18
148.093,211.5100343,-0.18282
148.142,123.3802782,-0.17634
148.31,63.90771832,-0.1805
148.497,70.32481328,-0.17748
148.675,32.99364379,-0.17982
148.861,158.5671295,-0.17654
149.05,475.4342851,-0.16526
149.241,95.77867117,-0.1639
149.31,471.1839685,-0.17646
149.916,113.7433624,-0.17372
150.014,160.4714809,-0.17848
150.219,65.97413487,-0.19878
150.428,124.3473677,-0.20438
150.64,227.8094283,-0.192
150.855,325.9228312,-0.18454
151.073,83.95896733,-0.18448
151.295,40.77640271,-0.18108
151.591,278.0210545,-0.17866
151.82,58.82824044,-0.18254
152.052,332.2677246,-0.1874
152.288,75.45546606,-0.169
152.528,52.3942019,-0.1767
152.792,323.1605078,-0.17022
155.36,11.14048758,-0.17508
155.644,1.68958217,-0.18606
155.933,19.25627078,-0.20788
156.226,8.670198609,-0.19422
156.523,17.36001736,-0.19802
156.825,9.823511563,-0.17942
156.977,80.92577075,-0.16154
157.266,19.24221088,-0.14746
157.578,17.7920092,-0.14804
157.895,18.74756956,-0.14208
158.338,33.01045153,-0.14816
158.665,40.41964862,-0.1336
158.851,28.70152674,-0.13986
159.186,37.36619995,-0.1471
160.041,21.36140689,-0.1509
160.354,22.38577589,-0.1582
160.674,79.41402472,-0.17916
161.013,827.9351936,-0.17754
161.243,55.13400012,-0.17472
161.583,28.81966265,-0.17512
162.096,50.56762452,-0.16786
162.454,55.8909464,-0.16558
162.818,24.23900547,-0.17514
163.189,74.05363402,-0.17582
163.566,36.74467087,-0.17374
164.1,81.75854609,-0.17274
164.492,65.65302002,-0.16716
164.889,21.55169352,-0.1691
165.291,5.538272323,-0.15336
165.588,500.333488,-0.14056
165.923,10.011349,-0.12904
166.339,10.03603918,-0.12062
167.183,5.857113719,-0.08688
167.612,4.048835738,-0.10262
168.082,16.04030913,-0.10858
168.11,13.52521097,-0.1176
168.548,12.55643224,-0.12362
168.986,14.30472629,-0.1381
169.431,11.69222055,-0.12964
169.879,9.213777213,-0.12864
170.33,12.00419328,-0.1156
170.785,12.05760683,-0.1155
171.235,1.043884643,-0.1046
171.649,11.83147633,-0.09434
172.111,0.687178214,-0.08658
172.575,4.871311409,-0.0906
173.041,4.585889217,-0.08414
173.505,6.030621742,-0.02932
173.975,5.581850619,-0.0385
174.462,7.216762372,0.01372
174.904,9.968534784,0.05302
175.377,9.785415972,0.0503
175.851,17.33684766,0.0396
176.326,9.295736655,0.10966
176.801,6.079603493,0.10298
177.273,8.708753156,0.08324
177.748,7.465157131,0.14124
177.927,12.09913214,0.1593
177.991,3.337960477,0.1459
178.476,3.285060203,0.12698
178.87,7.552172915,0.1506
179.646,12.3353676,0.12086
180.095,86.94878072,0.08084
180.607,11.72932827,0.07398
181.121,4.941287892,0.0893
181.633,15.63834808,0.0912
181.725,16.0433086,0.10534
182.235,16.86669596,0.11256
182.804,3.977254742,0.12454
183.148,7.409008078,0.12438
183.556,7.1080109,0.15464
184.056,3.177598054,0.1456
184.549,7.960683322,0.1374
185.042,2.337561645,0.08146
185.528,3.477214558,0.08682
185.922,5.002910672,0.06638
186.141,247.1105705,0.05332
186.194,6.880668273,0.06608
186.593,7.992301977,0.05868
187.013,6.036319654,0.0404
187.429,13.28984952,0.01698
187.499,5.64205673,-0.00302
187.911,6.867685703,-0.04846
188.294,9.84290364,-0.04044
188.698,10.43719235,-0.06792
189.097,4.881726532,-0.10298
189.494,3.609671666,-0.10706
189.884,30.97802111,-0.1118
190.268,5.713773675,-0.1276
190.48,8.440057129,-0.14532
190.856,16.45850791,-0.15786
191.343,23.41797496,-0.16866
191.456,34.32077701,-0.1721
191.818,70.04107051,-0.17044
192.179,23.38110528,-0.17088
192.531,10.91763076,-0.14828
192.88,12.33231399,-0.14626
193.227,26.30080501,-0.14906
193.259,16.33970848,-0.1476
193.539,48.2408517,-0.13978
193.87,27.32107262,-0.14922
194.198,46.23599326,-0.13614
194.522,25.29720148,-0.08912
194.843,9.267176586,-0.0784
195.158,11.47404111,-0.07264
195.472,22.39788383,-0.07076
195.774,11.9438781,-0.07104
196.092,11.24535812,-0.10136
196.214,13.51778256,-0.06842
196.519,5.752636863,-0.01138
196.822,10.99827879,0.0174
197.122,29.38693922,0.01884
197.418,20.23138426,0.05506
197.715,7.914371258,0.06894
198.009,15.29698846,0.05074
198.303,4.219535586,0.07336
198.583,18.90064483,0.13432
198.883,3.804335263,0.15242
198.984,105.7736348,0.1663
200.909,8.783772184,0.17046
201.227,11.00679855,0.16626
201.554,25.33167649,0.16562
201.849,9.101669424,0.14868
202.168,8.397956696,0.12098
202.486,2.542188755,0.11398
202.806,11.17841358,0.10474
203.126,19.82768862,0.082
203.309,7.059035663,0.07372
203.956,11.83315144,0.08192
204.283,8.246484894,0.08846
204.374,30.88053112,0.03922
204.405,8.913250127,0.001
204.729,36.86813934,0.00514
205.055,13.95318336,-0.04422
205.385,8.903512834,-0.09466
205.717,10.93011759,-0.09352
206.054,12.91503533,-0.06896
206.391,24.17934673,-0.10604
206.711,5.575064149,-0.10414
207.058,6.083591962,-0.10202
207.407,12.28882766,-0.09626
207.567,8.302969386,-0.1241
207.902,6.197503686,-0.13558
208.26,4.849085458,-0.14362
208.603,7.874884083,-0.15202
208.971,17.22454036,-0.16164
209.344,13.10064508,-0.17264
209.724,27.53419209,-0.15744
210.108,21.49208507,-0.15698
210.432,227.8597317,-0.161
210.456,17.6403399,-0.16282
210.869,67.82173021,-0.16396
211.286,63.69211169,-0.18
211.712,41.42178624,-0.18282
212.143,37.7897864,-0.17804
212.58,36.03648463,-0.17824
213.028,45.09531853,-0.17574
213.481,39.95750653,-0.17248
213.944,22.89597709,-0.1665
214.413,24.92333384,-0.16634
215.056,9.558073956,-0.17162
215.544,10.47449923,-0.1743
216.551,0.656993496,-0.17916
217.067,8.126439441,-0.16596
217.595,33.00034884,-0.16508
218.191,170.0567919,-0.1597
218.223,14.43953904,-0.16202
218.73,17.2285063,-0.16052
219.234,28.04128697,-0.17678
220.277,15.78905757,-0.17576
220.603,10.96637389,-0.17176
221.083,4.86568345,-0.16554
221.593,7.708395833,-0.16228
222.092,4.978469307,-0.16262
222.587,10.26562125,-0.16788
223.079,16.24573614,-0.16934
223.519,66.90694092,-0.17314
223.603,24.28680893,-0.17862
224.055,29.11074752,-0.1777
224.533,66.18286578,-0.1727
225.011,12.63997325,-0.172
225.48,23.23868537,-0.17
225.894,22.85617761,-0.1647
226.408,19.52012586,-0.14984
226.701,9.484987929,-0.15196
227.096,99.22561002,-0.14236
230.768,14.51435487,-0.13476
231.259,1.390617711,-0.13202
231.777,6.35503501,-0.04766
232.301,2.597422862,0.11526
232.833,0.612982269,0.15032
233.343,0.86027374,0.15804
233.876,1.112714588,0.16652
236.284,92.70079642,0.18668
236.359,1.642465333,0.0302
236.93,11.20058922,-0.014
237.556,4.095044341,-0.02752
238.191,3.26769916,-0.00384
238.84,4.326989931,-0.11876
239.509,3.310806747,-0.1198
240.275,4.469305459,-0.0308
240.953,0.560773744,-0.03072
241.668,1.834681112,-0.05474
242.405,13.82872794,-0.0082
243.156,1.299037671,-0.01076
243.926,2.290698747,-0.00788
245.23,2.179761793,0.0753
246.054,4.714454412,0.07958
246.797,0.146298747,0.1074
247.643,6.013074308,0.16862
248.529,2.284753384,0.10244
249.146,127.011423,0.12722
249.197,1.0260602,0.2269
249.987,1.301952739,0.25218
250.776,3.514933497,0.29668
251.581,3.520698186,0.31494
252.405,1.43706953,0.27914
253.246,2.515950099,0.25994
254.114,1.897156878,0.25798
254.823,0.644528081,0.25412
255.717,0.60085646,0.27508
256.632,0.931073714,0.2899
256.949,1.156709912,0.28446
257.842,1.55395073,0.24802
258.811,1.871219706,0.23714
259.801,2.112221547,0.2524
260.783,3.732984403,0.2497
261.715,4.864772256,0.23314
262.297,4.460245565,0.26398
263.178,5.10014925,0.18664
263.98,3.116568954,0.18048
264.809,1.434848029,0.10854
265.619,1.409770665,0.12576
266.416,2.335821305,0.09544
267.336,1.339028781,0.14802
268.103,5.61801471,0.14788
268.919,1.545090341,0.17342
269.145,2.81071489,0.17304
269.921,3.368679197,0.18332
270.767,1.15404972,0.19352
271.636,1.918449824,0.2166
272.534,2.210476649,0.1832
273.459,2.784176199,0.17204
274.432,3.385926882,0.18524
275.002,1.842551272,0.18198
276.033,3.229876244,0.1006
277.146,1.680385731,0.10652
278.312,0.686040064,0.08606
278.811,0.375516315,0.0391
291.238,7.917323074,0.01602
292.517,12.69201312,0.00052
293.777,8.231304283,0.02808
295.87,4.745946759,-0.00864
298.007,6.149723004,-0.05282
302.214,13.77321464,-0.10778
305.56,7.633961573,-0.10492
309.327,4.009317331,-0.08534
310.848,5.335863649,-0.0521
314.881,8.947628762,0.01936
319.098,10.19200275,0.06686
322.894,6.427526166,0.11794
327.246,8.716103337,0.11286
330.815,7.748106859,0.12098
334.166,7.201524797,0.1198
335.289,10.18533393,0.07612
338.403,10.46168319,0.028
341.299,24.98900404,-0.02812
344.234,15.10511614,-0.09738
346.917,28.24426171,-0.17372
349.173,29.85700748,-0.15592
351.711,27.81051362,-0.17152
352.849,9.501435018,-0.17554
355.183,53.84219703,-0.18314
357.88,27.78622133,-0.18448
360.583,108.4518745,-0.21496
362.957,46.58669673,-0.21794
365.206,87.02930623,-0.22652
367.186,76.88375424,-0.23182
368.081,38.37426636,-0.23666
369.917,32.16218229,-0.241
371.793,89.70433487,-0.24494
373.571,104.4890082,-0.2538
375.287,211.9176586,-0.2593
376.931,185.6265322,-0.2622
378.584,504.7931323,-0.2616
380.092,241.792501,-0.26668
381.633,166.3288201,-0.2527
383.152,654.1953822,-0.21516
383.467,66.9349308,-0.20932
383.896,143.8479565,-0.20728
384.852,113.7588117,-0.19844
386.393,156.9550596,-0.20036
387.96,70.64340804,-0.22468
389.564,74.6929697,-0.22536
391.218,48.86689952,-0.2238
392.934,88.11657068,-0.22696
393.618,133.1122342,-0.22174
395.266,133.1932299,-0.2226
397.171,189.9573363,-0.22176
399.179,105.3287659,-0.22006
401.279,227.0265212,-0.22956
403.393,137.0571475,-0.20608
405.377,158.077635,-0.20624
407.019,4.155340741,-0.20284
413.647,60.90929691,-0.19558
415.052,93.71515233,-0.17298
416.257,52.15569415,-0.19308
417.092,40.47282156,-0.18592
417.648,150.8619478,-0.19536
417.966,141.0768447,-0.19972
419.422,78.93068007,-0.20574
420.903,80.98739304,-0.06426
422.356,166.1888086,-0.06658
426.572,154.9807675,-0.05968
428.659,123.2014649,-0.0651
430.087,138.8965014,-0.07448
431.563,299.3081943,-0.19264
433.024,321.2743549,-0.18402
445.967,9.456609409,-0.1689
446.144,1.651265683,-0.14846
447.429,0.488149571,-0.13224
448.896,1.566119677,-0.14996
454.237,4.831159414,-0.14632
455.57,5.323801969,-0.15268
456.908,0.097057463,-0.16226
457.333,1.754210785,-0.15974
458.636,0.784770103,-0.16146
459.968,0.685860008,-0.16686
460.589,0.595649545,-0.1652
461.967,1.779456775,-0.16726
463.253,0.745129211,-0.1723
464.542,0.715083124,-0.17316
465.09,0.94448635,-0.17246
467.46,1.590534333,-0.164
468.718,2.594919607,-0.14752
469.954,0.501645945,-0.0909
471.191,0.649421761,-0.01038
475.545,111.2404611,0.0901
487.56,1.778237352,0.17508
488.761,1.761393258,0.18028
489.924,1.278694377,0.2105
491.078,0.652145241,0.19056
491.479,2.443871504,0.17208
492.544,1.772050374,0.1505
493.653,5.518635063,0.21036
495.81,1.469084612,0.21258
496.82,0.867586131,0.19708
497.783,1.554591347,0.1315
498.978,27.93706951,0.15622
499.097,1.068306308,0.15622
499.892,2.524994059,0.1521
500.761,8.206021461,0.18042
501.586,2.566704148,0.258
502.37,1.703588502,0.23116
503.116,3.237659906,0.24762
503.825,2.174400107,0.22774
505.022,1.745511769,0.25182
505.648,2.516341846,0.20518
506.242,3.554598884,0.23284
506.813,3.816305002,0.22372
507.297,0.688371174,0.25006
507.797,2.17364552,0.2504
508.312,0.841236266,0.27872
508.813,0.896408827,0.26578
509.302,0.760218252,0.27388
509.781,2.297708867,0.23178
510.252,1.031379888,0.17886
510.719,0.523998547,0.11908
510.796,223.727548,0.10424
521.928,40.59422329,0.0837
527.617,1.246163171,0.12346
528.603,1.31945126,0.09218
529.699,2.575424476,0.16788
530.853,3.236929552,0.20122
532.049,1.212748068,0.2193
533.299,1.32787524,0.23376
534.614,2.073998615,0.29088
535.069,4.697024842,0.27266
536.521,0.29256562,0.24122
538.149,0.303787559,0.2231
539.953,0.55820835,0.20688
541.887,0.841280753,0.21892
543.949,0.970016678,0.21996
546.141,1.12615069,0.20218
548.411,0.406694094,0.14604
550.76,1.134177851,0.14422
551.939,15.80240797,0.14696
552.267,0.565572181,0.16374
554.878,1.085834389,0.18666
557.658,0.612987831,0.18906
560.439,0.442594434,0.18122
563.263,0.181238798,0.11412
566.022,0.81454362,0.04874
567.769,0.310936827,-0.01112
570.404,0,-0.0105
573.078,0.19987862,-0.0728
573.3133991,1.053075673,-0.07586
573.5056333,21.44409713,-0.09766
573.665171,4.584028292,-0.11372
573.8737631,9.385112883,-0.13632
573.9716473,8.841344511,-0.13848
574.0518839,38.89493444,-0.15964
574.1222738,3.779069138,-0.16334
574.1876161,59.37555641,-0.17022
574.2519353,0,-0.14782
574.3212787,7.505192338,-0.15652
574.3713221,114.8333372,-0.15066
574.474103,21.32148956,-0.14758
574.6838642,17.08972275,-0.13552
574.850719,3.206654959,-0.14558
575.0587879,1.950727883,-0.14608
575.31,0.547127622,-0.15166
575.912,5.724489263,-0.16122
576.412,1.256214845,-0.1708
577.007,1.570576734,-0.1621
578.14,3.367526032,-0.16022
584.628,90.06145108,-0.15676
585.012,0.869441664,-0.15522
585.582,1.557116242,-0.14334
586.583,1.508900319,-0.15764
587.628,0.092206006,-0.16012
588.69,0.791107019,-0.15576
590.801,0,-0.16256
591.459,0.852037999,-0.17152
591.878,1.396820581,-0.16258
597.871,1.632567891,-0.1474
600.589,0.712315303,-0.15286
605.06,130.8675277,-0.11664
605.751,15.25166007,-0.11486
606.252,0,-0.10968
606.446,7.357091,-0.12482
606.958,0.147108696,-0.06496
607.149,6.553995746,-0.09038
607.65,0.437553807,-0.07678
607.844,2.791278693,-0.0894
608.339,0.327580523,-0.07072
608.536,1.86165067,-0.11344
609.002,0.164292336,-0.09202
609.674,0.63859367,-0.0533
610.332,0.168430839,-0.04046
610.976,0.313684531,-0.0385
612.173,1.455392654,-0.03618
612.806,0.171151871,-0.05872
613.42,0.982342358,-0.10806
614.595,2.547856467,-0.12136
615.654,3.227602155,-0.13734
616.228,2.814959875,-0.14986
616.8,2.666091498,-0.13006
617.379,3.870729632,-0.13884
618.261,35.81036646,-0.12566
618.922,1.580099329,-0.1211
619.519,2.090560065,-0.10972
620.112,5.300700069,-0.11462
620.697,9.183468457,-0.09268
621.266,2.362440228,-0.096
621.835,2.241184462,-0.08814
622.363,0.735558167,-0.08812
622.926,0.945998253,-0.0409
623.469,2.686467466,-0.01328
624,1.46198453,0.03574
624.536,5.593069963,0.08976
625.061,6.682734493,0.13764
625.749,1.414956418,0.12788
626.235,4.365125605,0.0987
626.734,12.74494807,0.10756
627.234,4.659102665,0.05354
627.716,1.920789541,0.00808
628.202,2.111389362,-0.02676
628.45,35.40100684,-0.01636
628.49,2.376909045,-0.01934
628.672,0,0.01216
628.995,0.710898811,0.06798
629.493,0.47250405,0.11978
629.981,1.916584355,0.16164
630.469,2.408795912,0.16708
630.94,1.641591906,0.1844
631.412,1.186592838,0.20712
631.826,5.09850205,0.18914
632.284,6.910504449,0.18068
632.739,2.546374509,0.1849
633.157,3.364863133,0.13708
633.626,1.517659787,0.05836
634.064,1.596060034,0.02516
634.494,1.532995216,-0.01768
634.886,1.617908231,-0.076
635.319,3.407873465,-0.07554
635.735,0.54667871,-0.03862
636.146,1.606440498,-0.03704
636.458,43.00140194,-0.03508
636.487,1.239711774,-0.03924
636.842,1.426674801,-0.04748
637.18,3.409628507,-0.10922
637.537,7.43271831,-0.13688
637.891,7.313858577,-0.15562
638.245,2.534316172,-0.17078
638.592,5.787168614,-0.17946
638.851,4.062475839,-0.16786
639.132,4.163190269,-0.15542
639.476,1.920624633,-0.15382
639.819,4.6359873,-0.15586
640.147,8.983615114,-0.15752
640.481,13.7264429,-0.15898
640.815,18.58850006,-0.15932
641.144,14.60744319,-0.15598
641.258,14.06037894,-0.06518
641.546,7.815166897,-0.04476
641.871,2.453572318,-0.02992
642.194,0.332882504,-0.01614
642.516,1.710995856,-0.00314
643.117,85.67037758,-0.04494
644.825,1.679000435,-0.04552
645.017,1.385388395,-0.04656
645.302,0.663185703,-0.04834
645.588,2.019115198,-0.05194
645.865,3.055477531,-0.03756
646.17,10.47393404,-0.04212
646.436,135.1488993,-0.04238
646.502,2.893051329,-0.04046
646.807,3.660402643,-0.03734
647.112,2.021871753,-0.08396
647.415,2.796841578,-0.0822
647.71,4.802288298,-0.08456
648.023,2.70143829,-0.0852
648.319,7.736936934,-0.08526
648.635,5.813173701,-0.08144
648.932,3.385227283,-0.0829
649.256,19.39530817,-0.08056
649.293,5.180433308,-0.08286
649.56,2.707598973,-0.08564
649.852,6.125028992,-0.06026
650.142,4.667365841,-0.01184
650.435,7.739533698,0.03452
650.728,10.2936472,0.0428
651.023,4.790342408,0.04854
651.313,2.082608127,0.02654
651.591,1.473493344,-0.01292
651.891,0.333652084,-0.05616
652.189,1.019828421,-0.0795
652.492,2.664976234,-0.07024
652.794,2.246745399,-0.07454
653.1,0,-0.0831
653.329,1.72204403,-0.10162
653.638,1.289490764,-0.09758
653.947,2.145183716,-0.10344
654.26,5.220592132,-0.11854
654.573,0.340544605,-0.13224
654.91,7.089200234,-0.12938
655.26,11.96028332,-0.11502
655.569,22.86158024,-0.12056
655.709,26.25952322,-0.1122
655.728,1.391950791,-0.11304
656.35,1.719893879,-0.1018
660.803,11.31146541,-0.1056
661.152,4.709287261,-0.1128
661.516,1.068398208,-0.10378
661.881,51.60997737,-0.08632
662.25,0.754172308,-0.08242
662.616,0.927272107,-0.08158
663.306,14.67227959,-0.07398
663.356,11.89303109,-0.07806
663.73,0.987493384,-0.0777
664.133,1.265921755,-0.07822
664.261,0.451512695,-0.0632
664.669,0.444968538,-0.05738
665.081,12.6039152,-0.06026
665.499,0,-0.06034
665.912,5.411783091,-0.06034
666.324,0.665334887,-0.07222
666.739,0.444491896,-0.091
666.922,0.6442423,-0.07998
667.336,8.338259628,-0.08304
667.746,0,-0.09398
668.159,2.510384807,-0.06642
668.568,0.206541262,-0.05274
668.977,9.225313651,-0.07284
669.357,0.456355127,-0.07086
669.74,21.91772628,-0.06544
670.146,0.856657986,-0.08376
670.553,1.819728311,-0.01264
670.962,18.36594895,0.06844
671.367,12.73351318,0.11494
671.609,13.25544768,0.11018
672.024,43.39790424,0.09432
672.072,2.194237372,0.11274
672.586,8.448696727,0.09042
673.117,13.49817388,0.0789
673.643,2.103336016,0.11844
674.172,23.52184898,0.15508
674.7,3.681241154,0.12808
675.225,3.119206534,0.11046
675.751,8.08814344,0.06662
675.98,19.22379032,0.06952
676.472,3.00175776,0.03762
676.997,0.685769313,-0.02252
677.519,3.698926468,-0.01038
678.043,0.696909486,-0.00206
678.566,9.015000898,-0.0339
679.086,1.883903961,-0.0416
679.608,3.826967383,0.00266
680.127,6.255070337,0.0241
680.564,38.2395234,0.07248
680.591,1.396132827,0.06434
681.014,0.250316673,0.12326
681.254,1.229511447,0.11948
681.677,1.709433164,0.04832
682.099,4.157505889,-0.01042
682.521,1.723812849,-0.0159
682.943,0.977541524,-0.07642
683.175,3.372246257,-0.10124
683.6,3.798767979,-0.07934
684.022,4.943614891,-0.08356
684.443,18.98882047,-0.07294
684.864,8.067999871,-0.08834
685.284,4.552752744,-0.12546
685.715,27.48635122,-0.16672
686.136,0,-0.17568
686.559,21.79163538,-0.19398
686.98,26.07539339,-0.18424
687.4,7.99103675,-0.19886
687.82,12.24623963,-0.1759
688.24,536.1899381,-0.1314
688.986,5764.435741,-0.1329
690.145,6.616914863,-0.13996
690.682,28.80279733,-0.12658
691.219,55.13170283,-0.14108
691.757,15.32771813,-0.12204
692.295,70.00254938,-0.11924
692.832,27.19789338,-0.11722
693.37,16.74232018,-0.1045
693.909,65.70745003,-0.10344
694.322,783.4910623,-0.09926
697.45,21.20622855,-0.0341
697.845,2.920691331,0.0501
698.27,22.82695046,0.11984
698.696,25.70825625,0.17734
699.119,13.72467433,0.12746
699.546,31.74802963,0.13332
699.736,22.67172245,0.1251
700.135,10.5364433,0.11778
700.559,16.22099344,0.14068
700.987,5.446213893,0.1908
701.412,13.13362167,0.1889
701.84,25.08697105,0.20052
701.99,8.495027715,0.19466
702.364,0.135394559,0.19502
702.793,11.94046814,0.21452
703.128,2.361677791,0.21564
703.527,4.082819466,0.20554
703.944,14.12194901,0.15232
704.374,2.686267236,0.12676
704.802,13.75992167,0.11596
705.234,29.59755696,0.06992
705.666,3.858122818,0.0133
705.9,9815.760834,0.02214
705.968,1.419283023,-0.02992
706.484,1.005791536,-0.08402
707,11.30325906,-0.059
708.163,49.19827249,-0.03272
723.659,10.17699137,0.02084
723.976,2.930206252,0.03572
724.131,5.883273875,0.07036
724.47,3.088663251,0.09218
724.81,0.996219654,0.13042
725.151,6.579883496,0.15812
725.496,6.636808391,0.21456
725.838,0.792486537,0.23674
726.27,1.092098367,0.24442
726.614,1.148170199,0.24006
727.003,4.991444371,0.20806
727.261,4.61823953,0.22594
727.61,7.285732389,0.22792
727.956,6.279185926,0.2276
728.302,8.844946354,0.22214
728.4,0.226369145,0.22296
728.758,30.50622459,0.20452
729.103,14.76363178,0.19688
729.459,17.53607259,0.19024
729.8,14.05008021,0.18812
730.131,14.42253629,0.17344
730.504,20.67716497,0.17684
730.851,15.1355297,0.18274
731.115,11.58788889,0.18492
734.194,2.915501822,0.18802
734.642,9.462194169,0.18692
735.091,10.68807818,0.15774
735.541,6.661813801,0.0958
735.993,15.59259285,0.0363
736.445,24.57496484,0.0211
736.899,17.18632361,0.01856
737.532,40.12938833,-0.01658
738.375,11.29150498,0.03898
738.83,27.95444567,0.04852
739.29,33.42430843,0.04882
739.751,28.50907428,0.00842
739.78,27.58943079,0.00564
740.25,8.605318336,-0.0011
740.718,14.84723523,-0.01536
741.179,217.8234456,-0.05448
741.646,6.418525933,-0.04852
742.587,0.576008058,-0.05228
742.98,2.061257298,-0.11262
746.664,14.19405051,-0.12292
748.284,11.72893318,-0.1083
748.614,4.616614606,-0.12782
749.276,4.038022408,-0.133
749.941,9.337845843,-0.1299
750.608,16.44760523,-0.13144
751.279,44.2264414,-0.16894
751.952,8.748370197,-0.15512
752.627,15.36612459,-0.16064
753.546,109.7398968,-0.16978
754.093,48.76087343,-0.1654
754.606,58.19647018,-0.17326
754.791,5.23958198,-0.1886
755.275,37.88691504,-0.1844
755.797,7.855339328,-0.14412
756.315,31.69232906,-0.1112
756.836,10.86744878,-0.09556
757.362,10.40862426,-0.09092
757.886,9.016618858,-0.07884
758.416,9.669844364,-0.11184
758.943,21.21467361,-0.13246
759.476,15.65443572,-0.13068
764.843,132.0987937,-0.06984
778.942,5.674219052,-0.07462
779.509,3.793569387,-0.07288
780.077,3.511855998,-0.07646
780.652,7.562489937,-0.08404
781.225,1.906890792,-0.13886
781.835,64.89857012,-0.13584
782.38,2.924363909,-0.12826
783.376,5.621031465,-0.13096
783.957,1.938905297,-0.12836
784.546,1.302208195,-0.13756
785.131,12.51686822,-0.13962
785.718,8.593236376,-0.1421
786.201,29.25530899,-0.13782
786.797,17.45214363,-0.13534
787.39,10.0101439,-0.1385
787.986,4.483661916,-0.1392
788.588,2.777357103,-0.1409
789.788,5.841633512,-0.15062
790.109,8.667673637,-0.1518
790.985,64.91525187,-0.15156
791.872,33.18554061,-0.15658
792.771,34.3772207,-0.16242
793.68,33.58776728,-0.1686
794.599,19.48726994,-0.18384
795.529,84.02498607,-0.19784
796.469,544.6048356,-0.22532
797.181,292.2196546,-0.24248
798.138,329.1010729,-0.24536
799.105,164.4157248,-0.24
800.081,64.48309714,-0.23278
801.066,109.646901,-0.14944
802.06,41.47856395,-0.14356
803.062,12.61098302,-0.119
804.073,239.7836823,-0.1124
804.76,19.99497457,-0.10296
804.951,9.461348703,-0.16842
805.265,9.481770336,-0.15718
806.08,164.0316108,-0.18314
806.901,19.08631911,-0.19134
807.732,179.3431607,-0.1949
808.562,156.7618348,-0.1805
809.396,100.722843,-0.18996
810.235,2.676295914,-0.19264
811.078,35.67379671,-0.18378
811.926,102.2437987,-0.18166
812.724,26.28457099,-0.18514
813.579,21.15502729,-0.1775
814.438,29.58436,-0.17374
815.035,136.9877547,-0.18132
815.901,193.1457446,-0.1835
816.77,146.1007168,-0.17918
817.642,14.87487557,-0.17258
818.954,7.165045235,-0.15784
819.835,10.2793043,-0.13016
820.718,7.748995089,-0.11148
821.696,8.091592092,-0.10058
821.766,1.931045479,-0.08816
822.888,3.149170093,-0.07552
824.014,3.342154704,-0.08404
825.145,0.893971568,-0.08192
826.137,13.51734988,-0.08304
827.275,2.26671488,-0.08802
828.415,13.79766379,0.0182
829.56,2.226142124,0.11188
833.081,5.781029659,0.23622
835.901,63.04222981,0.30472
836.988,11.49581805,0.3482
837.184,13.40062993,0.28998
839.661,10.10374915,0.2808
839.996,73.7918242,0.1515
840.869,9.154261376,0.1188
841.743,7.77183835,0.10928
842.624,7.808185429,0.05474
843.499,8.793150549,0.03366
844.374,5.820735301,0.05934
844.673,39.00934148,0.0563
845.547,19.14468066,0.07
846.422,4.612582786,0.071
847.304,4.256413458,0.01078
848.754,2.486908617,0.0264
849.628,8.012821072,0.0508
850.502,10.10109576,0.0465
851.375,37.99199299,0.11782
851.47,10.38143573,0.17922
852.342,12.59427117,0.13762
853.214,3.998243016,0.07942
854.084,7.912435075,0.10848
854.846,5.494401758,0.10792
855.722,7.489981019,0.05154
856.59,4.095296362,0.08932
857.781,11.97214897,0.13108
864.94,3.665965488,0.1001
865.855,4.17068859,0.13946
866.773,3.843769204,0.17806
867.682,4.006703598,0.17602
868.596,2.322781697,0.1691
869.212,8.194745612,0.16118
870.12,17.07769197,0.09182
871.019,52.32056873,0.06688
871.636,69.74590464,0.02976
872.308,7.052522256,-0.00754
873.04,6.205837133,-0.00728
873.707,2.042767768,-0.04658
873.92,2.933341192,-0.05012
874.811,2.718523441,-0.04842
875.391,19.52059878,-0.02512
875.453,3.620886002,-0.04208
875.889,8.093972391,-0.0208
876.839,13.18983339,0.00474
877.784,11.24416059,-0.0005
878.725,4.279306563,0.002
879.66,13.50454751,-0.01832
880.591,14.56428653,0.02112
881.516,12.26794677,-0.02226
882.436,17.38201263,-0.0214
883.351,7.851714831,-0.05544
883.474,12.47315596,-0.05502
884.44,38.20036928,-0.08028
885.233,11.24080496,-0.08356
886.129,14.69238675,-0.04036
887.02,5.928867191,-0.03596
887.904,10.09702314,-0.01658
888.782,6.298047697,-0.0621
889.653,5.241873755,-0.05606
890.382,64.86523884,-0.09044
891.186,8.49204991,-0.08916
891.594,12.05681633,-0.10352
891.649,6.334078128,-0.09598
892.044,4.662945926,-0.09572
892.871,11.22863811,-0.10526
893.691,4.964284478,-0.11388
894.498,54.66949847,-0.12212
895.303,19.66481401,-0.13262
896.096,11.17664601,-0.14678
896.887,15.96814983,-0.14982
897.67,21.32508638,-0.13864
898.44,20.18760375,-0.12816
899.629,15.77284217,-0.1207
905.55,24.74165801,-0.11006
905.6,31.77224238,-0.10108
906.397,24.14892015,-0.0953
907.175,4.29936621,-0.09478
907.945,14.35643541,-0.09886
908.698,33.2260039,-0.0994
909.441,20.47781544,-0.10668
910.171,4.029498946,-0.12152
910.883,16.53157917,-0.1295
911.584,29.13809394,-0.1257
911.964,37.71586612,-0.10572
912.513,31.45940448,-0.06016
913.18,27.67526359,-0.0488
913.833,22.10565728,-0.04774
914.466,33.68333991,-0.04152
915.089,25.7765521,-0.06922
915.694,17.82098604,-0.09402
916.292,36.28317306,-0.10904
916.433,30.67860658,-0.1125
916.462,20.90148707,-0.11496
916.949,56.94911956,-0.10672
917.425,27.66384201,-0.1131
917.898,19.25478348,-0.09414
918.362,27.05755495,-0.03776
918.822,41.86459068,-0.04406
919.273,11.8335709,0.02642
919.722,56.6221147,0.02528
919.983,32.1794986,0.0802
920.423,26.31255352,0.10844
920.856,24.09060629,0.11254
921.286,47.66301063,0.04372
921.709,32.82313856,0.0374
922.131,43.99907542,-0.02456
922.508,60.96461458,-0.11858
922.792,27.37131438,-0.12426
923.204,14.05831398,-0.14498
923.61,11.7296763,-0.1598
924.015,403.564685,-0.15718
924.415,302.1071585,-0.15926
924.662,152.4660531,-0.14358
924.683,269.2697975,-0.10778
924.842,28.01261983,-0.11014
925.201,13.11508973,-0.13124
925.555,38.57144535,-0.12914
925.911,44.94769269,-0.15484
926.262,33.91404969,-0.1837
926.615,50.61819931,-0.18222
926.965,44.81022546,-0.1727
927.389,51.53306802,-0.16994
927.737,46.08602909,-0.1674
928.088,49.59064728,-0.17388
928.435,115.1022099,-0.17998
928.785,590.8593512,-0.19748
929.019,174.7482376,-0.19134
929.37,1556.32993,-0.20394
929.721,505.2453613,-0.20356
930.073,1828.856336,-0.19308
930.426,440.0655409,-0.18048
930.78,38.87747707,-0.192
931.135,37.83389054,-0.18032
931.492,349.7805517,-0.15616
931.85,73.34473457,-0.16206
932.03,115.9480166,-0.16876
932.06,145.3253772,-0.17614
932.536,145.1920221,-0.1874
933.007,579.7019755,-0.21018
933.4,780.5576807,-0.21726
933.86,567.0754287,-0.2182
934.315,144.0492496,-0.1861
934.764,746.6386597,-0.18286
937.227,16.75173934,-0.17542
938.887,140.8259783,-0.16692
939.205,218.8007939,-0.17118
939.517,89.03390334,-0.20768
939.829,990.713783,-0.1993
940.138,886.2693333,-0.19888
940.442,76.6377226,-0.18564
940.745,349.3395746,-0.1564
941.046,178.1369386,-0.11844
941.215,32.37389854,-0.10766
941.491,46.00140552,-0.09624
941.786,346.4259564,-0.04736
942.078,43.82200542,0.02742
942.255,12.05332028,0.09072
942.48,43.62632632,0.17508
942.767,1.87937945,0.2472
942.964,20.89784758,0.2008
942.978,16.52686741,0.1734
943.207,9.838348819,0.16706
943.464,12.07405578,0.08494
943.725,38.39200827,0.0224
943.999,51.58153522,0.01944
944.291,1500.538047,-0.02284
944.32,28.70074215,-0.0888
944.601,18.92088198,-0.08982
944.622,41.22166467,-0.08616
944.958,58.88034915,-0.083
945.25,18.21753657,-0.0395
945.581,36.64952994,0.03938
945.909,4.853912456,0.04074
946.234,6.574033971,0.04814
946.401,32.98769145,0.04898
946.722,8.339227724,0.00158
947.04,2.287431135,-0.07416
947.356,8.94170539,-0.07592
947.668,24.87047815,-0.10068
947.94,22.43283044,-0.07674
948.249,15.23947722,-0.0752
948.555,7.641365966,-0.04478
948.84,45.76327901,-0.03434
949.142,11.71478131,-0.01582
949.243,13.59548125,-0.0329
949.565,26.09949969,-0.01982
949.836,16.50768495,-0.0527
950.314,23.55979077,-0.05104
950.579,16.16856958,-0.06628
950.707,6.190741698,-0.07576
950.972,10.97914128,-0.0982
951.234,18.7373028,-0.09952
951.495,32.93699878,-0.1238
951.756,90.97101868,-0.13906
952.015,314.2894742,-0.14404
952.111,226.1420258,-0.15658
952.369,37.30317548,-0.17388
952.627,699.8091149,-0.16526
952.883,586.4002016,-0.15504
953.393,208.2719635,-0.15558
953.649,104.985206,-0.10236
953.889,59.22024064,-0.09146
954.027,79.77044174,-0.08906
954.044,175.7278101,-0.08752
954.322,17.41707058,-0.08516
954.6,13.4814948,-0.03972
954.877,46.80753734,0.04782
955.154,5.690909881,0.0735
955.43,2.032516912,0.09118
955.706,0,0.14648
955.982,0,0.07758
956.258,0,0.01826
956.457,1.074701795,0.01318
958.368,0,0.07974
958.581,0,0.111
960.598,16.30220045,0.14872
960.817,91.38546064,0.21802
961.037,5.497949026,0.29
961.256,21.81863431,0.29598
961.478,5.800541276,0.30974
961.7,23.39756022,0.35506
961.924,28.61447989,0.35582
962.147,3.480196205,0.36616
962.302,12.75317645,0.3634
962.528,5.542517584,0.36158
962.607,11.94800681,0.34172
962.848,80.74085104,0.33892
962.904,1.727964601,0.37402
963.167,1.474006646,0.31842
963.47,0,0.24222
963.775,0,0.18186
964.082,0,0.11558
964.392,0.846458975,0.0005
964.704,0.801681437,-0.00734
964.904,0,-0.01118
967.921,0.461642783,-0.01652
968.034,0.406443096,-0.01994
968.303,2.955645778,-0.02054
968.574,0,-0.02938
968.847,2.643276772,-0.03538
969.122,1.642752567,-0.0365
969.397,4.970053909,-0.03056
969.677,3.453466868,-0.03072
969.959,3.238378134,-0.02154
970.243,0,0.0657
970.529,3.37043902,0.0769
970.644,1.368813799,0.10236
970.934,0.337492991,0.1042
971.227,10.46896958,0.134
971.521,0.69848982,0.04166
971.816,2.05012215,0.05476
972.116,9.307436411,0.01568
972.419,0,0.00942
972.724,15.88921632,-0.03734
973.032,9.395850831,-0.03346
973.34,25.65296673,-0.0146
973.603,11.68538678,-0.0042
973.628,0.98936898,-0.02242
974.033,3.664503356,-0.0414
974.442,35.51033469,-0.03356
974.856,231.1038525,-0.10946
975.191,62.62439527,-0.15098
984.39,724.435704,-0.16878
984.918,354.3757439,-0.1696
985.449,331.3863474,-0.20406
985.986,347.1967572,-0.18682
986.534,445.4919671,-0.07338
987.085,380.0059977,0.0344
987.628,192.9248014,0.06016
988.194,153.6243852,0.06734
988.837,3.176815608,0.06322
988.9,284.7440466,-0.04348
989.4,142.705536,-0.13504
989.864,135.5179577,-0.15032
990.371,117.629823,-0.14596
990.879,25.46675062,-0.1503
991.392,32.34988824,-0.14116
991.911,43.76448647,-0.14008
992.434,26.07855028,-0.13516
992.965,37.60646038,-0.1334
993.498,6.678169012,-0.12166
993.844,74.26775142,-0.04492
994.388,15.68698765,-0.04988
994.933,7.240266221,-0.06048
995.482,5.134277521,-0.08652
996.035,52.61805351,-0.10722
996.592,358.3349011,-0.2015
997.158,839.2383745,-0.21312
997.723,641.7711902,-0.23016
998.258,1227.258279,-0.19354
998.318,335.7081126,-0.19268
998.892,64.46508093,-0.1886
998.927,116.8944336,-0.18296
999.495,149.578374,-0.17132
1000.046,52.55847653,-0.1764
1000.622,381.6303359,-0.1658
1001.197,53.09545006,-0.167
1001.753,251.5196672,-0.11174
1002.334,527.5786902,-0.09964
1002.923,471.5658371,-0.03286
1003.51,24.7851819,-0.03142
1004.105,18.6546602,-0.02018
1004.754,14.80977733,-0.05158
1005.24,15.60637721,-0.04574
1005.844,0.566054629,-0.11222
1006.445,22.41447117,-0.10092
1007.054,24.46769357,-0.04842
1007.661,9.62076396,-0.04746
1008.275,18.84607805,-0.002
1008.892,20.930304,0.04914
1009.506,58.37216028,0.10408
1010.127,2.144556409,0.11656
1010.36,0.736566749,0.16574
1010.889,4.425362831,0.17598
1011.39,4.702396929,0.18614
1011.869,8.030005729,0.18716
1012.435,2.628771715,0.18884
1013.008,4.763992016,0.18658
1013.578,0.988280501,0.1755
1014.154,1.204270643,0.16196
1015.159,5.325426136,0.15712
1015.738,6.967059346,0.10424
1016.319,6.233457138,0.04404
1016.896,6.501928871,0.04286
1017.479,20.5120344,0.04404
1018.059,6.959931907,0.051
1021.672,1.895587184,0.08236
1022.222,3.81078553,0.14942
1022.48,10.75009775,0.11858
1022.56,4.224504584,0.11066
1023.136,14.37917471,0.10534
1023.439,4.773091849,0.12646
1024.016,0.73102549,0.0702
1024.633,2.778742977,0.11068
1025.255,0.768204584,0.07906
1025.872,1.125967867,0.0516
1026.49,1.360946482,0.00608
1026.989,2.516097518,0.00902
1027.572,4.260131053,-0.05336
1028.19,25.58620289,-0.07436
1028.808,24.8630627,-0.11874
1029.426,337.9406886,-0.14364
1030.044,96.17373996,-0.17092
1030.637,28.41865629,-0.16458
1031.18,21.91358302,-0.15848
1031.797,7.51429761,-0.14306
1032.414,37.15179087,-0.13436
1033.031,20.67721747,-0.12388
1033.622,61.99964791,-0.13168
1034.157,38.46026632,-0.12398
1034.638,40.03753572,-0.14388
1034.921,48.04524732,-0.16004
1035.03,133.3907666,-0.15644
1035.475,363.2429859,-0.14406
1036.582,26.52577306,-0.14494
1037.154,3.610432755,-0.12428
1037.725,3.423324049,-0.09312
1038.291,14.47084276,-0.08988
1038.703,5.854666434,-0.09138
1039.203,2.516979897,-0.09002
1039.766,7.452048684,-0.08596
1040.332,1.398369402,-0.09028
1040.898,0.161086696,-0.07832
1041.457,0.513284292,-0.07902
1041.88,0,-0.06884
1042.408,1.061783354,-0.04982
1042.964,0,-0.05038
1043.523,0.389625348,-0.06474
1044.081,1.177350878,-0.0524
1044.685,22.36647264,-0.05808
1045.187,0.175211948,-0.08104
1045.74,3.043642514,-0.0763
1045.854,2.465267489,-0.04918
1047.063,0.797424952,0.00434
1047.101,0.950263294,0.08838
1047.709,1.400902771,0.21872
1048.31,1.225381677,0.2682
1050.7,0,0.32988
1051.288,0.485348306,0.29324
1051.925,0,0.29572
1052.507,0,0.24708
1053.092,0,0.22416
1053.669,0.168305182,0.16364
1054.247,0,0.17194
1054.818,0.369826705,0.10608
1054.902,0,0.103
1055.469,0.729283898,0.10044
1056.037,0,0.10186
1056.598,0,0.0895
1057.159,0,0.15338
1057.713,0,0.11286
1058.361,0.179074831,0.12928
1059.267,0,0.13766
1059.739,0,0.15346
1060.205,0.201499597,0.06574
1060.671,0,0.06536
1061.13,0,0.01182
1061.59,0,0.00274
1061.946,0.177239269,-0.02916
1062.34,0,-0.02318
1062.791,4.420130443,-0.03826
1063.224,0.412375916,0.07082
1063.666,0.606672302,0.05966
1064.108,0.405655114,0.06528
1064.542,0.560997091,0.06848
1064.978,0,0.06004
1067.77,1.431586005,0.05
1068.268,1.302716479,0.0512
1068.34,0.554563728,0.16074
1068.949,0,0.1531
1069.355,0,0.16852
1069.754,0.282446921,0.07292
1070.148,0,0.05568
1070.543,13.81219465,-0.07224
1070.931,27.99350579,-0.0766
1071.317,7.269635599,-0.1035
1071.679,1.115926557,-0.00416
1072.012,6.383697568,0.01146
1072.389,1.924944731,0.01772
1072.767,0,0.01698
1073.138,3.174751054,0.01798
1073.507,7.451231,-0.08128
1073.876,4.665205525,-0.09186
1074.238,6.10849909,-0.09442
1074.466,2.883819866,-0.00426
1074.734,9.518442992,0.05554
1075.093,10.64278997,0.15056
1075.447,1.496310845,0.26804
1075.801,91.70302764,0.26912
1076.149,4.022933688,0.18442
1076.174,8.712681035,0.1248
1076.498,27.26421953,0.02994
1076.616,7.681606594,-0.03644
1076.994,0.872146147,-0.03504
1077.455,1.454704989,-0.03698
1077.914,3.204573836,0.04738
1078.365,2.171926553,0.0465
1078.637,3.114176627,-0.02242
1078.998,5.733112742,-0.02194
1079.469,103.1779478,0.06154
1079.877,1.853135113,-0.0168
1080.309,0.640658532,-0.01556
1080.739,12.97698238,-0.00774
1081.162,4.971516706,-0.02278
1081.58,9.634698481,-0.1052
1081.958,32.77157948,-0.1197
1082.16,16.91200381,-0.12182
1082.186,78.78983469,-0.1191
1082.592,24.62532158,-0.1096
1082.997,28.16785621,-0.12054
1083.398,23.87941199,-0.11892
1083.792,23.84623245,-0.12096
1084.185,108.8352745,-0.11994
1084.574,30.40144235,-0.11392
1084.958,64.53160681,-0.11086
1085.34,4.21161841,-0.1059
1085.45,51.46206475,-0.02184
1085.825,11.66944904,-0.0153
1086.199,0,-0.00046
1086.569,8.988650625,0.1734
1086.934,0.248297833,0.16912
1087.297,2.713922259,0.18766
1087.658,32.91305263,0.19498
1088.013,14.51096546,0.2631
1088.301,2.070895898,0.09362
1088.394,11.62072265,0.09108
1088.616,79.8109183,-0.02028
1088.909,338.0756967,-0.04964
1089.202,22.3110468,-0.14944
1089.49,153.6797217,-0.1758
1089.779,38.07062471,-0.19152
1090.063,212.4351219,-0.19718
1090.138,136.2522318,-0.1909
1090.422,20.74430288,-0.18834
1090.702,142.3847748,-0.16312
1090.982,31.59216371,-0.14376
1091.258,17.66623901,-0.13044
1091.535,45.17098365,-0.11108
1091.807,45.45607654,-0.0888
1092.082,24.22921016,-0.05898
1092.495,3.582834693,0.0128
1093.128,95.23990859,0.01534
1093.431,354.4888966,0.01924
1093.511,16.4508259,0.00446
1093.632,4.55738516,0.05758
1093.662,66.58650063,0.06762
1093.79,33.35352808,0.16526
1094.032,69.24963761,0.20802
1094.29,44.33677445,0.25918
1094.546,37.08937476,0.22826
1094.8,70.99066971,0.14466
1095.051,49.70286374,0.03688
1095.303,7.50153473,0.05638
1095.554,35.36690156,0.07456
1095.803,44.42790448,0.06164
1096.049,29.30533482,0.15568
1096.127,45.09553419,0.24718
1096.374,29.46023608,0.26728
1096.611,38.08797555,0.307
1096.854,33.44433592,0.35304
1097.097,16.14638404,0.30084
1097.302,25.09549423,0.20678
1097.437,358.425175,0.19344
1097.639,80.56027013,0.11582
1097.879,25.7956171,0.10406
1098.118,9.579308232,0.0745
1098.158,28.46017477,0.16554
1098.398,10.87827551,0.08224
1098.424,42.27128452,0.11498
1098.604,5.136825129,0.11448
1098.917,120.7700693,0.17372
1099.137,34.72093447,0.17768
1099.356,45.94212741,0.25792
1099.575,28.33736896,0.21546
1099.794,20.79566213,0.22024
1100.012,16.31800761,0.17436
1100.23,42.0020724,0.1295
1100.447,19.85254,0.11094
1100.664,68.15313272,0.15236
1100.762,16.30988944,0.13456
1100.951,113.9625334,0.18204
1101.167,90.64733476,0.23458
1101.381,51.60275684,0.2176
1101.576,30.17204949,0.21368
1101.75,29.7051628,0.19898
1101.858,55.2183183,0.13164
1102.072,40.47522865,0.09106
1102.284,27.42293094,0.05802
1102.613,30.12044367,0.05376
1102.846,4.083153623,0.08038
1102.863,20.23796069,0.07896
1103.117,81.77014648,0.03258
1103.379,22.70427697,0.02776
1103.658,11.17389916,-0.03458
1103.937,23.97202746,-0.1197
1104.216,21.14586755,-0.12108
1104.495,12.70152964,-0.13008
1104.82,14.89440791,-0.15648
1105.099,21.37295074,-0.15126
1105.378,396.3032913,-0.13762
1105.658,4.962529402,-0.06192
1105.938,24.64771034,0.00728
1106.096,56.8964831,0.09508
1107.345,63.17772204,0.09734
1107.487,34.8319962,0.1764
1107.647,7.203488369,0.19898
1107.862,44.0656879,0.21794
1108.038,87.84225039,0.24288
1108.184,35.63081746,0.2363
1108.37,88.8840287,0.1502
1108.557,8.671309612,0.04144
1108.743,32.26089162,-0.05748
1108.931,17.93585797,-0.1681
1109.116,5.497433124,-0.17084
1109.305,9.279111526,-0.17788
1109.493,3.933952015,-0.1765
1109.682,4.914276031,-0.165
1109.872,11.94348164,-0.15278
1109.958,12.68813895,-0.14786
1110.148,11.29637755,-0.13106
1110.34,18.54436451,-0.12068
1110.531,9.513527812,-0.03486
1110.723,24.75478893,0.04664
1110.916,31.54264055,0.0522
1111.108,25.32870689,0.12516
1111.302,46.70904791,0.1611
1111.497,30.78193121,0.1621
1111.77,249.0607865,0.25766
1114.23,11.20641581,0.3258
1114.505,15.08683298,0.35376
1114.781,29.20472091,0.41346
1115.06,13.78988875,0.41048
1115.34,5.933661903,0.29176
1115.623,8.935671415,0.30514
1115.907,191.3318616,0.211
1116.193,14.89014682,0.1612
1116.48,2.214952064,0.09492
1116.738,20.1159666,0.04536
1116.816,4.403007634,-0.03124
1117.394,24.58003193,-0.0458
1117.715,3.219869813,-0.0881
1118.038,3.448290708,-0.0992
1118.695,31.240219,-0.10066
1119.027,38.25593201,-0.11024
1119.266,57.66854405,-0.10668
1119.603,103.0592435,-0.10844
1119.943,41.60056141,-0.1113
1120.284,26.09895225,-0.13162
1120.619,116.2718068,-0.12354
1120.954,391.300237,-0.12238
1121.285,17.12475152,-0.12412
1121.613,15.76038463,-0.11804
1121.936,36.9905115,-0.09556
1122.23,122.0915786,-0.09906
1122.326,23.56688147,-0.09834
1122.556,67.96461368,-0.10462
1122.86,11.59218835,-0.03938
1123.161,318.5402954,-0.05144
1123.459,51.84743992,0.0227
1123.755,118.9189321,0.13954
1124.049,23.09164627,0.19326
1124.34,32.01369889,0.16782
1124.629,408.9568626,0.25412
1124.868,271.8540565,0.22046
1125.152,21.62100219,0.15688
1125.434,7.590268042,0.17066
1125.714,86.50067546,0.1285
1125.992,77.68129817,0.04886
1126.268,10.8213598,0.00206
1126.542,40.66398723,-0.07058
1126.814,48.56152891,-0.14812
1127.24,214.360398,-0.17084
1127.477,78.47616708,-0.1897
1127.729,429.3260369,-0.2039
1127.98,84.96218497,-0.19492
1128.227,207.7478772,-0.1211
1128.475,36.63464188,-0.10622
1128.719,107.9826431,-0.04858
1128.964,56.36642423,0.04464
1129.426,580.3663851,0.15624
1129.665,52.09005972,0.20536
1129.904,7.491112475,0.29508
1130.12,8.714532956,0.32892
1130.326,13.36085685,0.34744
1130.562,25.38822778,0.32474
1130.797,31.2595702,0.28864
1131.015,16.1129143,0.2782
1131.246,19.52171193,0.24378
1131.478,18.61090495,0.16066
1131.618,28.29125049,0.0793
1133.341,3.980951283,0.00034
1133.524,9.10377052,-0.08646
1133.719,71.65723352,-0.145
1133.913,30.47666756,-0.16674
1134.107,91.69663395,-0.18172
1134.3,189.5178729,-0.18482
1134.492,94.97840598,-0.16734
1134.673,73.60760491,-0.07562
1134.908,210.2219837,0.016
1134.942,19.36809304,0.10722
1135.103,12.59883138,0.19888
1135.287,74.05767253,0.31828
1135.471,67.15081425,0.25126
1135.666,20.83604756,0.16514
1136.031,22.30074845,0.08906
1136.214,87.15783557,0.04774
1136.397,59.60384541,-0.03784
1136.491,180.7620045,-0.03742
1136.663,75.37737671,0.0453
1136.796,31.16331772,0.04508
1136.942,7.330973405,0.01034
1137.095,89.43123504,-0.02944
1137.278,4.366213494,-0.00148
1137.407,53.64463653,-0.07944
1137.59,48.83231135,-0.07648
1137.613,23.41788597,-0.08332
1137.79,9.45656718,0.04902
1137.962,54.86736493,0.13146
1138.135,2.421475657,0.231
1138.319,9.748160027,0.36942
1138.501,26.79601552,0.4163
1138.686,7.077254273,0.32298
1138.935,716.1282371,0.21522
1138.984,2.634886704,0.12504
1139.212,6.853139765,-0.01636
1139.472,7.759272482,0.0197
1139.734,17.3931959,0.0146
1139.996,15.62322854,-0.0017
1140.259,6.510122219,-0.01924
1140.523,111.5016539,-0.03274
1140.788,18.12890206,-0.12558
1141.182,40.98053325,-0.16956
1141.416,59.06651398,-0.17208
1141.685,41.29444768,-0.16884
1141.955,64.55497169,-0.16312
1142.226,31.0409375,-0.1555
1142.499,32.44016196,-0.03864
1142.773,2.163550424,0.00768
1147.952,4.53073202,0.03186
1148.112,2.860767633,0.08064
1149.003,0.840639535,0.18244
1153.235,1.179960557,0.16252
1153.559,0,0.13312
1153.884,2.181491575,0.10644
1154.215,4.806372617,0.0512
1154.546,50.33398007,-0.06928
1154.883,60.02896728,-0.17118
1155.23,624.5790346,-0.18764
1155.571,110.5944706,-0.1895
1155.917,34.37708627,-0.1916
1156.265,47.92887746,-0.18328
1156.618,73.80997251,-0.17534
1156.972,120.5258765,-0.15486
1157.33,63.10063936,-0.14694
1157.711,24.98991725,-0.13776
1157.732,15.62867401,-0.11996
1158.079,22.41751033,-0.11244
1158.429,14.52446687,-0.11736
1158.779,22.98110353,-0.09984
1159.136,8.308453928,-0.09024
1159.496,2.507753697,-0.04304
1159.857,6.738864164,-0.00508
1160.223,7.799209803,0.00342
1160.593,6.359282904,0.05502
1160.967,0.622327832,0.1482
1161.018,1.666092304,0.1931
1161.395,3.883424827,0.23408
1161.774,6.368663021,0.3104
1162.159,7.110006642,0.32638
1162.547,7.001947147,0.31712
1162.936,1.023695362,0.30532
1163.332,5.753880791,0.2715
1163.732,2.959407369,0.22058
1164.133,4.119192949,0.1953
1164.54,39.74077765,0.15394
1164.745,6.45966028,0.09642
1164.773,3.957589607,0.0502
1165.242,36.44513212,0.08972
1166.19,10.63772254,0.10928
1166.672,3.593932417,0.15076
1167.162,8.868045923,0.16914
1167.654,4.686377975,0.21
1168.151,6.95511156,0.18614
1168.654,2.911736563,0.17374
1168.768,3.760633105,0.1833
1169.28,6.133569823,0.21354
1169.795,4.293393652,0.23426
1170.316,8.42858652,0.25922
1170.842,7.238675735,0.27242
1171.374,7.518198092,0.24232
1171.915,1.314617162,0.23956
1172.458,3.204604103,0.26106
1172.989,6.61322679,0.28702
1173.142,0.950708448,0.21808
1173.267,12.15856525,0.16026
1173.647,1.532210974,0.10736
1174.157,1.199254052,0.02064
1174.667,0.465106359,-0.07126
1175.187,12.30396174,-0.00834
1175.711,0.868859392,0.00146
1176.241,0.413479966,-0.00468
1176.771,0.839921904,0.0066
1177.311,0.795559312,-0.00402
1179.931,0.383033734,-0.0699
1180.501,0.556063031,-0.08048
1181.076,3.208073276,-0.08592
1181.653,0.170011065,-0.0877
1182.239,0.32633291,-0.08032
1182.831,0.855232615,-0.07278
1183.192,0.239880258,-0.07344
1183.736,0,-0.07004
1184.284,0.346284604,-0.0635
1184.842,0,-0.0678
1185.399,0,-0.01336
1185.962,0.154392546,0.06222
1186.533,0.151447671,0.17208
1187.361,0,0.24052
1187.44,0.294763365,0.29316
1188.524,0.30816295,0.27418
1189.117,0,0.3432
1189.711,0.99047954,0.36088
1190.31,0,0.4082
1190.925,0,0.49434
1191.682,0,0.57454
1192.295,0,0.54842
1193.602,0,0.51148
1194.243,0,0.45948
1194.892,0,0.41
1195.22,0,0.36994
1195.302,0,0.33358
1195.965,0,0.3246
1196.704,0,0.35864
1197.094,0,0.37852
1198.341,0,0.42068
1199.014,0.238501718,0.42148
1199.125,0.017117117,0.35522
1201.172,0,0.26366
1202.627,9.832267484,0.17498
1203.354,0,0.06486
1204.092,0,-0.00928
1204.835,0,-0.01168
1205.682,0,-0.00902
1206.34,0,-0.01078
1207.095,0,0.0548
1207.861,0,0.14764
1208.624,0,0.24514
1209.39,0.40377643,0.27376
1210.372,0,0.30872
1211.402,0,0.28112
1212.437,0,0.22368
1213.605,0,0.15486
1214.516,0,0.1865
1215.559,0,0.26202
1215.852,0,0.2959
1216.897,0.104598846,0.34672
1217.942,0,0.37642
1219.118,0,0.31272
