"age","MS_downsampled"
10.475,49.2997420813504
10.533,47.4479732846475
10.961,15.4974598412668
11.317,14.3553964461271
11.626,13.9490662454757
11.908,12.847741592542
12.187,13.5000196657942
12.489,11.4448887450383
12.806,11.8480068501297
13.141,12.0282136517921
13.462,14.8383739148309
13.75,14.2
14.047,15.2
14.405,12.7392063116657
14.881,46.3333598005724
15.488,13.5957145133918
16.002,16.9325559210541
16.662,10.3007855958557
17.387,9.45110656630803
18.064,11.3495232254521
18.656,11
19.185,10.6
19.666,10.7
20.109,11.5
20.528,11.7
20.926,11.8561199575938
21.36,13.8792430674596
21.75,11.5305028803883
22.152,11.871520547685
22.544,12.1719200226886
22.933,11.8565108387098
23.327,12.76811594028
24.124,15.6251445464957
24.571,14.7069405565677
25.199,15.198306006933
25.684,15.1202409131777
26.11,16.4186552228207
26.583,15.0789587315096
27.016,15.7813995095497
27.412,15.4797616196205
27.827,16.5771914905498
28.238,15.3900797872028
28.57,52.5845594741251
29.01,15.8572004787091
29.439,16.7606034095059
29.843,15.8418390646612
30.272,16.0576767012068
30.714,68.1893178555471
31.17,16.5808130604203
31.64,18.2
31.837,19.2990678134815
32.611,21.4372744481704
33.105,15.1922179071938
33.571,14.5415652825334
34.135,17.8
34.605,16.4196159257396
35.102,16.9
35.624,31.3019681302162
36.076,17.8
36.582,16.8
37.056,16.7791943741879
37.564,16.6973548464979
38.006,19.1998325389538
38.472,20.9
38.943,19.0001836510766
39.409,18.7
39.855,15.8770900128081
40.334,17.4
40.793,16.1006135492118
41.335,18.6930961025892
41.619,16.7592579363469
42.426,15.4551892334405
42.93,15.899737285576
43.375,16.5
43.816,16.6
44.255,17.0506317134998
44.691,18.1
45.123,18.3511233868722
45.526,18.6472481192882
46.796,17.401213729496
47.123,18.556991572049
47.535,60.9764114120043
47.944,6.7852703437569
48.348,6.27095770484586
49.145,16.9772713648058
49.554,4.6
49.687,5.08626794391491
50.234,4.11723006923102
50.588,3.5
50.945,5.5808171244458
51.279,3.64994756508812
51.591,3.08845242835895
51.874,6.72431217754853
52.198,6.51663497406913
52.455,10.6024593054262
52.7,73.6396424979265
52.908,50.1232980780369
53.134,31.6100651712093
53.353,35.941258579494
53.567,48.1139289713166
53.779,27.6253867485872
53.991,19.9412326371864
54.204,12.5093380531924
54.421,14.8943291425677
54.687,13.9705759256236
55.078,19.4312719718029
55.33,14.2825537369871
55.595,40.6279838877684
55.877,13.4624485876991
56.176,11.0640428847846
56.497,9.65632649784531
56.839,10.7262207617885
57.207,17.4955459038164
57.601,132.381965484488
58.024,154.546536873511
58.504,316.613338076788
58.993,60.8731323084719
59.517,70.3987092594601
60.079,37.1280753539717
60.68,16.1745301630499
61.357,14.4110109284643
62.293,17.3301295979265
63.487,6.27955166632417
65.807,11.3554873101422
67.274,6.25985147933625
68.729,8.35851487021072
69.94,9.85889589988006
71.337,8.99722559289721
72.358,8.38532011110684
73.102,8.56124852523374
73.727,38.8658916614035
73.935,40.8125868667837
74.117,73.9515325461213
74.317,28.1312073110668
74.522,16.5066173735739
74.721,12.6393970704577
74.917,26.2158558740263
75.111,15.1823685505816
75.305,16.1452002746448
75.49,5.77736579604188
75.835,38.1140931633291
75.866,38.4964127354469
76.018,40.371011927766
76.105,41.4439733075803
76.198,42.5909320239332
76.369,44.6998561152923
76.543,46.8457788749207
76.545,46.870444653767
76.725,49.0903647499342
76.897,51.2116217307165
77.233,55.3554725768954
77.422,57.686388677871
77.597,42.0438866223207
77.748,54.947477102769
77.906,42.9807581620445
78.059,32.4879930143557
78.216,20.3406346392015
78.375,18.2891265623165
78.451,14.3860578199214
78.875,12.5489547750019
79.023,17.1066381352495
79.164,20.0304625043567
79.304,11.8129157625141
79.441,14.6114526832351
79.582,12.1769716246973
79.716,12.8020575276781
79.848,12.1414183920667
79.978,11.2132599985066
80.107,69.330679776423
80.233,50.8736294104648
80.358,45.4873994114348
80.48,43.3397520383822
80.602,41.4050122936101
80.721,32.2436925712726
80.84,21.2479247670093
80.956,20.6260882414924
81.107,14.9202122881401
81.381,19.5458463071357
81.49,15.4427385838342
81.597,17.5248341185545
81.704,16.8197318511648
81.808,13.3007643327149
81.912,13.1125908765586
82.014,16.5050478791896
82.114,17.4816277424169
82.217,21.4320885049919
82.315,66.2768895496055
82.411,188.250381654173
82.506,20.1677343408567
82.6,14.4132293093389
82.686,13.3571534813361
82.783,15
82.873,23.5996552674053
82.962,13.0978429718215
83.109,12.6924585067249
83.189,20.8215284687005
83.273,13.5025821051987
83.357,11.5299816935107
83.429,11.3
83.6,11.8466512084559
83.679,12.8923443487097
83.756,17.79361547976
83.833,12.2
83.909,13.0145529595691
84.058,12.5100936201596
84.129,21.2717412061693
84.193,19.2015885210819
84.533,14.3045566097158
84.601,16.4461464884041
84.668,16.5584039962645
84.734,15.1794128810004
84.8,14.4790344081261
84.855,12.8430234692857
84.92,20.1756454157925
84.983,54.3559894076001
85.108,53.3791615120799
85.169,52.9024694990662
85.232,19.4468549300605
85.293,22.3304342047208
85.352,35.8735417638942
85.415,16.9700426234401
85.48,14.0418371581345
85.701,11.3825779506579
85.758,12.0024954937369
85.814,12.5385033606743
85.835,10.6254708847898
85.87,9.37172516957667
85.926,9.51299309963188
85.976,10.8
85.981,10.8727461635441
86.036,10.4505230408908
86.091,10.3
86.113,10.6242801937467
86.205,14.3947403678393
86.259,36.5687091136237
86.313,13.4058683044453
86.366,13.1
86.423,12.2882430398174
86.476,11.7
86.529,12.8776125946591
86.583,10.1428244043759
86.634,12.7
86.66,12.3054136956012
86.759,12.5557432770171
86.806,12.6117954749143
86.812,1.48768673125501
86.866,13.0731387211264
86.895,13.0481741526298
86.919,12.7497542172203
87.022,12.3869055316264
87.075,13.7795205357083
87.183,14.0714156904044
87.237,41.1672274846098
87.291,53.0511556809237
87.346,19.1824997646397
87.4,12.7
87.455,12.437618583931
87.51,17.7945502538055
87.565,13.0487376702506
87.621,13.3314439791179
87.677,15.8485174541198
87.741,18.080204361797
87.798,15.5551468128475
87.855,14.3
87.913,15.6697541228885
87.971,14.4094776695986
88.029,17.5213327514254
88.088,15.637683551016
88.147,17.7
88.207,25.7888903028446
88.27,31.4294028440578
88.331,20.0346707808306
88.392,14.2765823962769
88.455,16.5981701436396
88.517,23.1557357648103
88.581,16.0280715915084
88.645,81.7499980155307
88.71,16.7715864106797
88.775,13.6956062688497
88.899,15.2861539485927
88.967,13.2
89.035,15.1418400356964
89.105,21.0685876837783
89.136,19.7930580087337
89.177,18.9
89.248,10.9216690057857
89.291,10.613481525164
89.32,10.4056341545121
89.466,9.35923015054031
89.473,9.30906009555533
89.541,8.82169384713015
89.616,86.0356048403771
89.849,34.9416972146881
89.928,23.6712057845283
89.939,26.5800755411841
90.009,31.4202269620113
90.082,72.8448172823997
92.233,25.9592066022692
92.345,24.8656020330432
92.459,26.4223329233978
92.575,25.8371500260961
92.692,26.6213132884249
92.811,30.3
92.931,28.3834065446926
93.052,26.5207934012357
93.176,29.9
93.301,24.9505948975373
93.429,19.7828970499165
93.558,21.4249014996531
93.691,21.800716478576
93.824,23.0085554120476
93.958,20.2
94.095,21.3719058045094
94.233,22.364386498099
94.337,17.2731187142808
94.474,22.8693824560567
94.606,23.3452218288812
94.739,24.3086695329067
94.874,24.2027787460023
95.022,23.2666821772275
95.149,21.030389814339
95.289,19.0408828638713
95.43,19.3875838589705
95.588,23.1838846409664
95.733,22.8505108908373
95.893,21.8952576910581
96.03,22.861109009426
96.18,25.400346706486
96.333,20.3
96.508,20.0908362062984
96.664,28.4523905748942
96.822,32.7163527590709
96.996,24.6469567739739
97.145,19.2
97.309,18.7222617994818
97.497,19.2986741019332
97.68,13.5322412204543
97.837,16.3574403864627
97.996,14.6628689963716
98.185,15.1369316283969
98.318,15.9694252196076
98.48,14.9039608053705
98.646,24.3226678306436
98.845,18.4523232122815
99.014,16.4971283523635
99.184,15.203717450972
99.355,12.3494777160676
99.531,12.7895312630514
99.708,16.1178482454188
99.915,13.9064840660133
100.107,26.2009435507415
100.291,16.4949384333246
100.505,9.8484978306049
100.717,11.290860626263
100.985,12.3178316174593
101.249,13.2968400853732
101.525,13.9156138504885
101.838,13.9470717671329
102.097,13.9731024393722
103.988,14.1631564980766
104.376,13.6161622889011
104.777,11.8764169529487
105.188,9.83534009349369
106.032,12.9854070057786
106.468,12.8523516909028
106.911,14.3990735149497
107.361,14.9144269057197
107.813,15.8705801676063
108.274,15.0914729686628
108.656,17.0218199560224
112.495,10.1721131371288
113.398,12.5263369804183
113.89,57.8801622381056
114.07,50.9695738345324
114.874,18.6185449024191
115.361,18
115.9,17.1
116.315,18.3148804888098
116.788,46.5826622448028
117.196,28.6
124.098,18.3017134211917
124.328,16.0730569561622
124.541,15.8030268389031
124.728,15.2048786016359
125.019,14.8945474824518
125.277,13.1817603101814
125.539,14.5609097340124
125.707,14.7386036117219
126.046,15.0296959659471
126.286,15.1428371143551
126.51,15.2817069894597
126.739,23.6516357019262
126.862,24.5915152414181
126.954,17.4879252946267
127.089,16.8913202437373
127.186,16.909978352571
127.378,17.9034470081581
127.494,14.558044606039
127.568,15.4887294239601
127.768,361.247256881311
127.965,14.2678218458288
128.155,12.6836772195098
128.307,11.3585434322972
128.526,9.83186613644245
128.707,11.2663308423284
128.873,16.8639211647398
129.049,15.2146033191948
129.177,14.4240098891301
129.231,14.518236368881
129.397,13.1287181330638
129.491,12.0114303291893
129.562,14.1376131953444
129.735,15.6489601643196
129.902,16.8050624236463
129.907,16.854723240269
130.068,15.7140626869244
130.234,15.2
130.399,14.9
130.55,14.9
130.718,14.5082709759595
130.911,14.4611920215292
131.228,22.6436389288807
131.4,12.3979015427586
131.566,10.6771513228192
131.738,25.6213486188009
131.751,28.7972595584333
131.912,49.5906436946689
132.107,36.0242829240064
132.313,78.6095449264021
132.491,40.534415652268
132.685,89.8758933679397
132.86,476.490648530638
133.059,31.2344759901295
133.257,7.75418528848305
133.462,11.8
133.663,11.6567140135111
133.858,10.055345464135
134.09,11.9
134.228,21.703372463194
134.414,34.207226958607
134.589,60.4067541111997
134.797,13.6647489931627
134.917,16.1282197059234
135.072,36.7233839006698
135.249,23.6347621130393
135.417,32.295764068502
135.586,5.79201328621698
135.746,9.07528055769979
135.913,7.62872845269828
136.061,7.4443133130797
136.572,4.87959462938128
136.679,4.51644858279673
136.805,2.61236634894286
136.931,7.03405151963337
137.041,13.7205280537738
137.164,22.8167255559915
137.285,17.4876877867378
137.406,22.4681687367412
137.519,17.7087025630817
137.624,15.8325370649997
137.752,1.96207299224493
137.869,9.18781480259547
137.989,15.202025087616
138.104,8.28804965051489
138.211,11.9906999242196
138.328,10.0284524680824
138.406,10.9836899620467
138.503,10.4
138.533,14.1332106244867
138.629,12.8111221911981
138.725,12.404952234361
138.821,15.4116534770184
138.915,16.1350864113808
139.01,9.68094913405179
139.049,7.20645988206595
139.129,35.6339952541418
139.137,42.8921108778946
139.229,53.8082487353808
139.32,30.6231814674522
139.403,13.2665386377217
139.477,14.515959949762
139.567,2.55988837141541
139.657,13.8862107142862
139.736,68.8090100589761
139.825,16.8005815942497
139.913,15.7932895854797
140.002,16.8819488296166
140.09,16.1
140.177,17.0895640735208
140.265,15.1583168389404
140.344,12.9581806823816
140.43,15.0129524897295
140.517,16.1928385440712
140.603,15.1762474089432
140.69,14.1501233148516
140.777,14.7061003473711
140.863,13
140.948,14.2372592482215
140.982,16.6889165838915
140.987,20.4080835910486
141.066,14.3947836362607
141.152,16.5896482468638
141.237,16.2248253586733
141.323,16.3716740857633
141.402,13.7783685811951
141.493,13.4982368845996
141.573,10.7494660585968
141.658,14.2083230186414
141.743,18.6027466556776
141.829,16.0330794565693
141.917,15.926844809866
142.003,14.8633902921312
142.089,16.2367915394351
142.168,12.4789512802414
142.255,16.1387765316535
142.341,17.3520023666015
142.428,20.9291456174617
142.514,15.5073120967594
142.604,16.4834044814119
142.692,16.4183341853493
142.795,40.2726014557981
142.802,38.8421961293954
142.905,32.1824112710725
143.009,53.3109255542768
143.114,15.1000624857119
143.219,14.491655046984
143.325,16.4025675797814
143.432,16.1653317957854
143.539,15.3
143.647,14.3085560548719
143.755,14.3718744494684
143.814,13.6295398382774
143.91,14.109403559753
144.02,13.5979724273187
144.132,13.0112960233534
144.244,13.8681667187189
144.358,13.4200135169384
144.472,13.8
144.586,14.5922317733199
144.702,16.508775468203
144.759,26.0861447098336
144.776,51.8881670142483
144.901,14.4117245413198
145.036,12.1450789563818
145.172,11.6880453323987
145.31,13.9836603346268
145.449,11.624595838998
145.59,12.1779353964312
145.733,8.42921313195541
145.764,7.41858347986831
145.908,10.2229812503436
146.054,10.2808245966646
146.202,12.7171175618378
146.352,21.9912161517658
146.504,15.4485463716865
146.658,16.3863717143315
146.814,12.0872892506355
146.971,14.7056397297905
147.065,13.8488869749434
147.081,18.4428404355623
147.239,12.894107485977
147.405,8.26576037528115
147.574,5.12628522323782
147.744,22.4423459503731
147.917,23.2520625327235
148.093,7.3
148.142,6.57755363374858
148.31,10.7790589847644
148.497,26.4127926157121
148.675,13.8376508342921
148.861,12.265740353869
149.05,8.9
149.241,8.50001491276088
149.31,21.1822862539717
149.916,34.7350417106895
150.014,18.0185059342998
150.219,8.41474069159176
150.428,7.21735309100042
150.64,9.46965206185801
150.855,7.39106742070764
151.073,7.2
151.295,6.54474235081602
151.591,6.57667597274279
151.82,7.4445773364467
152.052,7.5
152.288,6.5
152.528,7.87797808084759
152.792,2.87689601720147
155.36,12.515527628823
155.644,7.5023179441399
155.933,7.5294460849816
156.226,10.2056638444109
156.523,13.8121441395229
156.825,16.4210398790641
156.977,8.16877902841163
157.266,9.65996986024239
157.578,11.9779419546547
157.895,4.12643460201637
158.338,8.65836445310391
158.665,11.5361518496056
158.851,7.0256047901889
159.186,38.9742826950425
160.041,45.1571953478968
160.354,18.4054488979291
160.674,6.34773030246172
161.013,4.64129370730458
161.243,7.01844912174138
161.583,6.63920118206158
162.096,6.50409884494473
162.454,6.90227174153571
162.818,9.4
163.189,9.7008567224699
163.566,13.7663359546259
164.1,7.81896914258435
164.492,9.7823909649422
164.889,9.47871448681883
165.291,26.0845705445184
165.588,9.37867667478928
165.923,8.81569909297224
166.339,13.9565478696932
167.183,14.8
167.612,14.4459285610948
168.082,36.9828739273197
168.11,57.0028140119866
168.548,32.894816332033
168.986,34.3925299723397
169.431,10.4056823157032
169.879,7.39796032520797
170.33,10.2955713552996
170.785,13.3519855316485
171.235,24.4044293199928
171.649,19.3483113973297
172.111,45.2678140426906
172.575,16.2191042359305
173.041,17.2122463894922
173.505,16.0330302553654
173.975,16
174.462,12.9848246871959
174.904,15.4447680174682
175.377,14.971911925935
175.851,14.7
176.326,15.3909785752128
176.801,14.9341211340554
177.273,14.9
177.748,15.0164030581287
177.927,18.5120792727638
177.991,21.9428225604507
178.476,7.72716402303052
178.87,16.0232353414796
179.646,13.6
180.095,11.8974692993922
180.607,15.8106470709326
181.121,16.3021545693836
181.633,12.4189655172408
181.725,11.3591479303329
182.235,13.5
182.804,12.8150736216384
183.148,14.3028232152985
183.556,13.5017516499776
184.056,15.2185035399057
184.549,15.5998047609781
185.042,15.5950047396463
185.528,14.1010524998518
185.922,15.1475571642802
186.141,36.6543138108851
186.194,57.2629439201394
186.593,41.0947919231168
187.013,20.7409854919625
187.429,26.1204854402635
187.499,11.9937152062807
187.911,12.4062915754695
188.294,12.1
188.698,11.2810521578435
189.097,10.5832745159653
189.494,10.7792659158923
189.884,13.3251105578059
190.268,40.250327489886
190.48,11.5617629430776
190.856,10.5071437133946
191.343,10.400888629207
191.456,0.52300786911951
191.818,8.25204760129294
192.179,5.90546102257545
192.531,6.7
192.88,15.6137074296259
193.227,16.0347232463547
193.259,18.3190442184627
193.539,12.0855236006292
193.87,10.2384657302302
194.198,12.3980124468067
194.522,13.0337588328021
194.843,11.6527513716662
195.158,13
195.472,11.5349917259683
195.774,11.4
196.092,10.6
196.214,9.75528003599226
196.519,8.09667067472657
196.822,11.9481366344106
197.122,12.6956465890965
197.418,13.5315801383591
197.715,13.6
198.009,21.9237020439015
198.303,14.0767663482773
198.583,14.0147760117596
198.883,16.1888603886236
198.984,25.6610093987499
200.909,17.3914423869666
201.227,22.9976671638401
201.554,13.5351299481829
201.849,15.588781658574
202.168,16.4
202.486,14.5218215462384
202.806,15.3388391228972
203.126,9.51128885440299
203.309,15.1345549426565
203.956,16.7142691802184
204.283,22.284807379847
204.374,19.7674711999332
204.405,17.2265579112632
204.729,13.0507126106771
205.055,11.0471717531375
205.385,13.0501762904997
205.717,10.9513543179519
206.054,9.7
206.391,9.8
206.711,5.33560607118453
207.058,8.64848656437456
207.407,8.5
207.567,8.93212815950705
207.902,13.0535912368894
208.26,79.1629839383529
208.603,17.6527311722746
208.971,15.9994990882718
209.344,18.1862024826601
209.724,20.6153200644156
210.108,8.93779973540576
210.432,27.41055962566
210.456,29.2174837962102
210.869,31.3442220551106
211.286,5.37389539920511
211.712,4.4
212.143,6.69944878475416
212.58,12.0376431812094
213.028,7.40821022555664
213.481,9.48758459090356
213.944,10.2119203115017
214.413,11.9023135074513
215.056,17.4776407794847
215.544,18.3390913771831
216.551,37.1478536000303
217.067,13.4215706119044
217.595,9.75612287606103
218.191,17.9100839371023
218.223,18.8729237311391
218.73,18.8957279896469
219.234,10.2819823978144
220.277,12.0538063891044
220.603,9.46125703680791
221.083,11.7294329074734
221.593,12.3611219747566
222.092,15.1027492579121
222.587,9.41201992712447
223.079,8.07074256143198
223.519,7.3
223.603,9.41156878130837
224.055,11.3429174376157
224.533,14.7843042272044
225.011,17.2595549561701
225.48,12.033648076513
225.894,13.2729050203528
226.408,14.0891676122271
226.701,10.6687885882438
227.096,30.5705448176762
230.768,17.639917029401
231.259,40.9310760503447
231.777,28.402333568865
232.301,16.1478700540481
232.833,14.7333823353651
233.343,13.4157587600165
233.876,16.3375047451802
236.284,15.3995039238717
236.359,20.8523783045249
236.93,30.5297996992754
237.556,38.5000660938546
238.191,19.1906639974136
238.84,14.4386000617612
239.509,11.4
240.275,21.9495332163866
240.953,25.6290841757539
241.668,34.2207002099401
242.405,16.5553826160672
243.156,15.8942966210361
243.926,21.1307674677024
245.23,24.6872690979241
246.054,15.5940349131012
246.797,26.1242983084581
247.643,24.7873788251101
248.529,26.5675748698437
249.146,21.8153260214368
249.197,21.6326408014213
249.987,31.5830148537276
250.776,41.8000607671099
251.581,29.3708970351316
252.405,23.9045612775263
253.246,20.6
254.114,21.866976357717
254.823,18.520582296314
255.717,21.1
256.632,19.7679500239536
256.949,25.5070705249713
257.842,22.2328435455186
258.811,22.2838264377752
259.801,20.8
260.783,21.3589241650766
261.715,20.2451121218127
262.297,18.7398157855326
263.178,20.3603418092412
263.98,20.1657226179554
264.809,21.8419318732317
265.619,20.064522344137
266.416,19.8
267.336,27.9002238282545
268.103,22.427855314342
268.919,17.602603504117
269.145,16.6007853662805
269.921,23.2729118692536
270.767,21.7
271.636,21.325518675965
272.534,21.3756818460568
273.459,21.9
274.432,21.1
275.002,18.9918321756706
276.033,20.3239075491414
277.146,20.3763405791478
278.312,11.8071141923388
278.811,13.3073424745615
291.238,18.2775393495254
292.517,29.7729630733267
293.777,30.3346890577189
295.87,33.6033701239527
298.007,37.158421645938
302.214,20.636658699352
305.56,19.7770243720324
309.327,18.5829425173607
310.848,18.9903574289679
314.881,20.7
319.098,19.7576824260707
322.894,13.9573521497736
327.246,20.1804853599167
330.815,17.90912131442
334.166,19.5811250034293
335.289,17.1243940186667
338.403,19.0094535576942
341.299,13.0969502785466
344.234,14.8527964438707
346.917,11.8
349.173,15.3517461457174
351.711,13.4050286170029
352.849,12.7087559044458
355.183,22.229350639206
357.88,25.023909931357
360.583,16.5089497975783
362.957,20.7999045756
365.206,16.0752622650512
367.186,30.291265719923
368.081,34.1923724423212
369.917,23.3839619149261
371.793,12.8541919802397
373.571,11.1587634532724
375.287,28.3006613602777
376.931,21.0845396871095
378.584,11.1356843133932
380.092,8.85532672268249
381.633,11.3177140368473
383.152,8.49021708948639
383.467,14.6026098287646
383.896,25.4003368365028
384.852,18.6511069844929
386.393,17.9475642321016
387.96,21.8500226372383
389.564,29.1983200417783
391.218,45.5509527549175
392.934,15.4487106462253
393.618,14.2797443853826
395.266,15.9020527263346
397.171,18.3197324083494
399.179,41.6252496637162
401.279,22.5469549325934
403.393,12.9799161255575
405.377,55.7849745724229
407.019,25.3271339847962
413.647,51.5809621074907
415.052,34.0720356451801
416.257,27.0698117014018
417.092,30.8854049466709
417.648,8.19964606744232
417.966,10.361812820175
419.422,64.2142247487806
420.903,13.2866316448478
422.356,13.7065857397482
426.572,7.15572556500967
428.659,7.24309621936204
430.087,6.24700041544143
431.563,8.79382815506745
433.024,12.8549520780701
445.967,37.2076734755787
446.144,49.0351021580195
447.429,86.3099331774008
448.896,24.609041477044
454.237,9.26645933578697
455.57,15.075660319723
456.908,23.5817589937594
457.333,21.3839088979725
458.636,18.893244763025
459.968,22.9566715225343
460.589,18.8534325503871
461.967,27.2706604980037
463.253,30.3962559454342
464.542,49.5630647725145
465.09,24.8686616755865
467.46,21.2486629606284
468.718,12.4103768741012
469.954,20.7684148135887
471.191,18.0635497321388
475.545,23.9564639738847
487.56,15.3865738894648
488.761,15
489.924,14.9
491.078,14.4986155641992
491.479,13.8386950447724
492.544,15.1937043813852
493.653,14.7020201477697
495.81,15.8
496.82,15.3
497.783,15.7163836184162
498.978,26.2591007175241
499.097,37.1575645376935
499.892,23.2833387731383
500.761,17.3716871371254
501.586,17.8187329707041
502.37,15.3185077235738
503.116,15.7079361206366
503.825,14.7345353374434
505.022,15.7704908162469
505.648,16.158215821424
506.242,16.4426460397947
506.813,16.6
507.297,11.8030537150973
507.797,14
508.312,14.8526434536002
508.813,15.893340023307
509.302,15.2
509.781,14.155687789226
510.252,15.4541317009553
510.719,13.2291906379745
510.796,13.3688249230878
521.928,61.856360103698
527.617,20.1031974461459
528.603,26.0353234706101
529.699,19.2542994606957
530.853,19.8031191371214
532.049,19.1
533.299,21.623326386526
534.614,17.5585507816152
535.069,13.161049555383
536.521,14.3031267969653
538.149,14.7900652610912
539.953,16.0946401583396
541.887,15.0990366284943
543.949,15.5
546.141,13.2105454730372
548.411,14.8985498875888
550.76,16.5
551.939,17.9744018918956
552.267,24.8827741034124
554.878,16.373311462363
557.658,17.8252277482697
560.439,15.8407967106898
563.263,15.9551968247728
566.022,16.5009356312028
567.769,13.1765108216766
570.404,12.9423930929601
573.078,12.7048102441602
573.3133991,13.7591752410203
573.5056333,14.1518739366442
573.665171,11.1153609333263
573.8737631,19.3
573.9716473,22.3204472170391
574.0518839,15.4850217123612
574.1222738,11.4093445677695
574.1876161,20.5678246779576
574.2519353,16.6256793324272
574.3212787,14.8929758895589
574.3713221,25.1702119384574
574.474103,23.5706430791366
574.6838642,27.5857279464836
574.850719,14.9
575.0587879,15.8
575.31,33.1997967963878
575.912,10.5448648295215
576.412,9.1105057815224
577.007,7.40361851440371
578.14,26.6817964413163
584.628,44.4826085819044
585.012,32.4949439509729
585.582,29.2963137372438
586.583,4.6088497343972
587.628,2.5
588.69,7.02199827291085
590.801,43.9960313528601
591.459,26.8504972586358
591.878,25.6329810200469
597.871,13.1678201646037
600.589,8.54397766998377
605.06,23.824282745016
605.751,27.2255125853184
606.252,10.041580543252
606.446,14.9882067906509
606.958,16.1255472307243
607.149,15.8352229462206
607.65,20.2153167667498
607.844,16.0242445372074
608.339,15.3910635262901
608.536,14.9002762385236
609.002,11.3497254397252
609.674,13.4830059413192
610.332,17.315867434581
610.976,26.1325179735148
612.173,12.9821293516723
612.806,11.6795130728087
613.42,14.2210704849703
614.595,12.2350845095888
615.654,19.5714925393437
616.228,18.1849529996284
616.8,18.3909812830131
617.379,14.5645360324249
618.261,22.0486098819403
618.922,49.7553497164423
619.519,21.6516407131681
620.112,16.2514338675968
620.697,12.6220077656312
621.266,16.6462132493662
621.835,16.4187545675487
622.363,13.4418456277649
622.926,17.1216473948111
623.469,16.7052170426534
624,15.6588985051611
624.536,14.2924657243776
625.061,16.6450809957752
625.749,15.8498517238482
626.235,18.2761060265385
626.734,16.9164389760185
627.234,18.4
627.716,17.7973436527818
628.202,16.6746839795054
628.45,17.1787694069602
628.49,20.5585009764764
628.672,34.733431166998
628.995,15.7351600894475
629.493,15.267695485279
629.981,14.4147544814783
630.469,15.4086344697735
630.94,16.5149823051621
631.412,13.8310546520527
631.826,12.8403929616333
632.284,19.264565237237
632.739,16.7908618685131
633.157,12.8
633.626,16.9196504640671
634.064,16.6817328189661
634.494,14.6274349988993
634.886,13.9935479006344
635.319,17.2504483808685
635.735,16.6
636.146,18.086528355915
636.458,17.4391546041889
636.487,17.7862212523651
636.842,16.7741813301783
637.18,8.97142818972852
637.537,18.0984443695984
637.891,23.1095452753862
638.245,27.4408371888867
638.592,14.5447049424566
638.851,19.9407821450661
639.132,9.26048114294331
639.476,19.2
639.819,16.4685943912131
640.147,10.7504014349571
640.481,21.9483246395179
640.815,13.2518846031125
641.144,15.9798439240831
641.258,14.1219968798772
641.546,16.6938350825757
641.871,13.7030376227459
642.194,16.5739967897266
642.516,16.1855686887686
643.117,18.8105894425562
644.825,11.679828924226
645.017,11.7312797892809
645.302,6.71617623959245
645.588,7.91513435277766
645.865,14.8340713749417
646.17,11.2537311707009
646.436,8.64443129644564
646.502,9.84939328749923
646.807,16.0490787119858
647.112,15.6885572976959
647.415,16.20112556936
647.71,17.400853061139
648.023,14.5642847766613
648.319,13.4954376451946
648.635,12.5293045144259
648.932,12.729451621836
649.256,13.9602320538204
649.293,14.9
649.56,16.9259711321563
649.852,14.9755739462758
650.142,14.6082570769068
650.435,11.3050379402442
650.728,14.2987451411646
651.023,14.3014040756142
651.313,11.9439706509595
651.591,14.0283721230302
651.891,14.0748571367442
652.189,14.8688471264667
652.492,13.9257547754347
652.794,13.1
653.1,11.4927895089666
653.329,11.9089934621444
653.638,14.3024570126374
653.947,25.2967887405151
654.26,12.0952137066683
654.573,20.3621718795209
654.91,14.0673265830449
655.26,8.91216947085351
655.569,10.7018141050721
655.709,17.8369029548969
655.728,18.835433658013
656.35,16.5216176245607
660.803,12.4116023675719
661.152,11.0215661742946
661.516,22.7944777676644
661.881,13.3
662.25,15.2298907935957
662.616,18.7657916042243
663.306,42.5771783426395
663.356,50.2661877054996
663.73,30.4427361948002
664.133,16.9903360913682
664.261,16.7098647182729
664.669,17.5679151056319
665.081,18.782215653558
665.499,18.0205454334895
665.912,18.2453501904166
666.324,19.3836674553417
666.739,20.6051346194148
666.922,22.6546363745758
667.336,17.5
667.746,16.7072671714128
668.159,17.0104293282705
668.568,17.4540328247734
668.977,15.8
669.357,15.0694540899214
669.74,16.331079073523
670.146,16.831968850701
670.553,18.9
670.962,18.3700707578729
671.367,17.0585216503866
671.609,19.3047377947091
672.024,56.0719114735083
672.072,91.53235853041
672.586,31.4138101452402
673.117,22.9630663665491
673.643,25.9871605693888
674.172,24.3772869609546
674.7,23.3211525839895
675.225,19.0281685384027
675.751,31.5299305676184
675.98,32.9705816005815
676.472,19.7732349189102
676.997,17.2680884285147
677.519,17.6834653329048
678.043,16.9417347045021
678.566,16.4049505041562
679.086,17.2835189453106
679.608,24.5401962862188
680.127,18.9732298014426
680.564,47.6569857407193
680.591,52.7177308444353
681.014,86.591733577052
681.254,19.4959672971009
681.677,17.8393553557788
682.099,16.8541218570208
682.521,17.0869617876786
682.943,13.8554562117045
683.175,12.1406069238198
683.6,12.5
684.022,14.6383840720147
684.443,17.3207932509937
684.864,18.2084403460842
685.284,25.6946375221624
685.715,24.2141644673123
686.136,13.9371676239103
686.559,20.8751319413893
686.98,11.2443957555811
687.4,13.3
687.82,15.3118552820695
688.24,14.2064422170178
688.986,67.3812109106448
690.145,22.8651686196042
690.682,53.2993462729152
691.219,20.8397954475778
691.757,14.748913551365
692.295,15.9948037765842
692.832,26.0261281254172
693.37,26.5834832182408
693.909,16.2400903150626
694.322,22.9877932173979
697.45,30.0317185884899
697.845,48.2654206241953
698.27,23.8884867714524
698.696,11.7017292151503
699.119,14.7058734316316
699.546,13.8980896582065
699.736,11.9438960023457
700.135,13.7956478945728
700.559,16.952469152019
700.987,14.2
701.412,14.5
701.84,13.6973878333547
701.99,11.1256438282349
702.364,14.6303369189569
702.793,14.6292061356806
703.128,6.78052028063892
703.527,13.9492988431567
703.944,13.2115245293149
704.374,13.4311693775061
704.802,12.9762971171867
705.234,22.8799549039279
705.666,16.2332065600537
705.9,23.9764125685661
705.968,25.0944834050918
706.484,17.1998110459625
707,20.8849209298018
708.163,16.6740733541067
723.659,12.9635484904755
723.976,14.6010841485626
724.131,31.8998876230094
724.47,24.0694322529123
724.81,23.0861440701815
725.151,24.5067964071858
725.496,27.1769385601136
725.838,23.0273082858196
726.27,17.7653640042753
726.614,21.053575607853
727.003,11.1109640463821
727.261,19.0725825785518
727.61,22.0495703475106
727.956,21.3
728.302,19.3129851179103
728.4,18.5690046695654
728.758,18.5828819272229
729.103,19.6700069213023
729.459,19.7
729.8,19.345534087432
730.131,18.8557465081506
730.504,18.9912615440608
730.851,18.3684790308225
731.115,23.8440990201395
734.194,50.2804507860833
734.642,21.3080117232538
735.091,21.2926940346604
735.541,22.521333589055
735.993,23.8
736.445,23.1951478746335
736.899,18.928698201913
737.532,19.3437636715391
738.375,20.0859371069182
738.83,21.5683862784184
739.29,19.894767389325
739.751,15.4780726956224
739.78,16.010778843621
740.25,18.8444300822564
740.718,17.6748187875047
741.179,18.0222843609714
741.646,17.7459357828671
742.587,16.7195346934601
742.98,18.1619498460077
746.664,11.3737480459263
748.284,30.6406528837713
748.614,21.6086289131523
749.276,30.6017733386682
749.941,33.9935751459555
750.608,17.7545140558215
751.279,16.8209238230657
751.952,15.8827234943022
752.627,24.5046321474404
753.546,16.0142490258092
754.093,13.1
754.606,12.5115411806292
754.791,13.0594389027139
755.275,75.6629611103168
755.797,8.42601169590743
756.315,12.0151545831921
756.836,16.8088057738772
757.362,22.6577356765077
757.886,20.2260122087979
758.416,12.3139438176722
758.943,13.1365884583338
759.476,10.0278021508483
764.843,34.9161135369055
778.942,41.9996856960828
779.509,88.6005199267869
780.077,97.9969225810904
780.652,262.982117878888
781.225,247.309509042843
781.835,30.1
782.38,21.6536946153329
783.376,14.9030200004948
783.957,16.765298999179
784.546,12.4
785.131,10.0600708434575
785.718,7.0184972352324
786.201,3.34320048668557
786.797,16.1498183856258
787.39,13.9609084098011
787.986,13.6204905463448
788.588,37.3154618773885
789.788,13.3958408823682
790.109,90.0806825218968
790.985,9
791.872,11.4523248710589
792.771,8.061606863142
793.68,10.0593616939394
794.599,18.1586968065299
795.529,24.5993295387847
796.469,6.52962028639114
797.181,13.5394639382456
798.138,22.0371626297586
799.105,26.9198168647226
800.081,11.8945004888112
801.066,7.62115698442666
802.06,16.1339418065326
803.062,26.0416511938458
804.073,22
804.76,31.4959291450139
804.951,26.5951650954997
805.265,10.3833569618163
806.08,10.5880913431561
806.901,10.5884230447145
807.732,13.5741883010254
808.562,13.3646786910947
809.396,23.455500605761
810.235,53.6003267768829
811.078,11.0802528375195
811.926,3.25073931674582
812.724,7.35820435524678
813.579,15.6803796984428
814.438,7.39903492860427
815.035,3.5596340770386
815.901,7.49494494070072
816.77,14.5374944925859
817.642,7.08793557447501
818.954,8.16951958395469
819.835,12.3296590223459
820.718,11.0583335289459
821.696,7.54181039807751
821.766,8.43688680256279
822.888,13.5187906280297
824.014,11.6776302691173
825.145,10.6267341352884
826.137,13.6
827.275,13.8293137544067
828.415,12.8
829.56,14
833.081,18.2627996073174
835.901,15.2114465141382
836.988,15.2298864170567
837.184,14.8532611980271
839.661,14.6568167088364
839.996,18.3958231392951
840.869,18.316317589815
841.743,16.6900625274245
842.624,16.8946086762647
843.499,15.4
844.374,15.0786254577995
844.673,12.0412111968589
845.547,15.7136383561646
846.422,14.1397980152226
847.304,11.4959415539933
848.754,15.0297116787123
849.628,6.73090830625578
850.502,12.146605238698
851.375,9.02172937107674
851.47,8.27474663322169
852.342,14.4204872042015
853.214,15.1883545501732
854.084,13.4414113431021
854.846,15.6688312117889
855.722,15.1710612884706
856.59,15.4067626718347
857.781,64.9025237930282
864.94,13.0634293503146
865.855,14.8320684665375
866.773,16.2382025186166
867.682,16.485941049852
868.596,14.9
869.212,10.1175958203523
870.12,13.6402396844818
871.019,15.6
871.636,9.25260290470514
872.308,8.06707698134658
873.04,15.6991076980978
873.707,12.9465582692851
873.92,11.8622468659593
874.811,13.7501467785494
875.391,29.3533265872295
875.453,31.6285796175433
875.889,19.1590464800271
876.839,15.7960229411297
877.784,14.0108562530317
878.725,13.0055677848049
879.66,14.8989681938335
880.591,14.1022588429979
881.516,15.9
882.436,17.0979309839859
883.351,9.90609795670638
883.474,10.5828448245596
884.44,16.1778017058474
885.233,15.2132722558708
886.129,16.5648916857635
887.02,17
887.904,17.4112810530387
888.782,17.5888218539568
889.653,15.1074504324483
890.382,17.5494650352371
891.186,18.8487606148881
891.594,27.4503495731615
891.649,30.0369134388686
892.044,16.2725899389008
892.871,10.4618988145804
893.691,10.8995912495973
894.498,11.2216099838426
895.303,9.51201838055849
896.096,21.0603442287958
896.887,28.841658818214
897.67,15.4654936942352
898.44,14.9006178449239
899.629,11.9
905.55,34.6016515413108
905.6,38.0228031821507
906.397,24.9507441956673
907.175,22.0317664497009
907.945,13.8920409586116
908.698,15.177838316173
909.441,12.7568786967758
910.171,12.805694761831
910.883,14.0520276217217
911.584,13.2496681875701
911.964,13.9469417881661
912.513,12.5539285918011
913.18,13.4930875441646
913.833,13.4922272809784
914.466,13.4
915.089,12.2891274807185
915.694,12.790580433997
916.292,17.7861925088821
916.433,13.2826457971767
916.462,13.5687273442367
916.949,13.8620622917466
917.425,12.4832282088819
917.898,11.545800158691
918.362,9.95957277905112
918.822,10.0250273968752
919.273,10.8
919.722,11.9258671113576
919.983,9.91453509032665
920.423,11.7227423313561
920.856,10.4279116965032
921.286,11.1943214932665
921.709,11.4
922.131,9.6
922.508,13.1074363002606
922.792,9.32698230229435
923.204,9.1663153607252
923.61,10.2898627498196
924.015,8.23442667928459
924.415,19.9680600145675
924.662,10.6083009548857
924.683,9.92709277909284
924.842,18.7484962775605
925.201,27.2548928908275
925.555,6.98240404914944
925.911,6.38546823128731
926.262,8.1482280333373
926.615,7.21346904171547
926.965,10.8251487238527
927.389,6.40218973088606
927.737,13.5135278259174
928.088,12.8452380187662
928.435,24.2885277650272
928.785,16.3851695187372
929.019,30.6237320310879
929.37,12.7557629687964
929.721,19.2699961596842
930.073,15.0951156319848
930.426,10.2593180556927
930.78,6.23401852464632
931.135,4.1
931.492,4.93924391022561
931.85,12.3087372514661
932.03,48.4994422507579
932.06,66.6679621564727
932.536,17.8202219257151
933.007,24.6420309278718
933.4,26.4538279809069
933.86,18.3829104078475
934.315,54.5660467074425
934.764,13.7225209903508
937.227,28.8121657072737
938.887,30.8763526055956
939.205,5.51430362590676
939.517,5.1
939.829,19.292978176948
940.138,43.7868034013332
940.442,12.6919475724394
940.745,13.1585850868541
941.046,21.0797348717897
941.215,8.40663941919919
941.491,15.017894451522
941.786,9.53428646408608
942.078,14.6
942.255,15.6744074437388
942.48,12.6554342005487
942.767,18.2770228848781
942.964,8.74181959563198
942.978,11.5562480900813
943.207,16.4089973341229
943.464,21.83424134785
943.725,17.414973030161
943.999,16.6949133096106
944.291,13.12369750664
944.32,2.52763940928982
944.601,29.352533880442
944.622,30.8680829225099
944.958,17.8726931561072
945.25,31.9002103509846
945.581,15.3227677899176
945.909,16.6897959083646
946.234,13.1197831321728
946.401,13.8702824449067
946.722,13.8993488441984
947.04,13.4962220695789
947.356,11.9065779217806
947.668,10.578151640041
947.94,15.4013677395347
948.249,14.2016979962601
948.555,8.08983184239252
948.84,13.2009992922561
949.142,15.6432569839371
949.243,20.4227997068609
949.565,29.7377199558685
949.836,14.1326960528364
950.314,20.9116703735418
950.579,16.0448473891981
950.707,37.2257755438621
950.972,14.4138422966489
951.234,15.6852819555765
951.495,16.6721780467781
951.756,15.0982565579004
952.015,20.1170049287859
952.111,22.9631618010817
952.369,33.2783235146218
952.627,18.9798620844384
952.883,11.8660375707687
953.393,17.4153596681439
953.649,21.1561056292767
953.889,20.0500041044419
954.027,22.8800461709877
954.044,23.6340635400484
954.322,24.2
954.6,18.5699194497672
954.877,18.088887347953
955.154,21.4112319574199
955.43,21.5605537734621
955.706,21.4086490275711
955.982,20.7865968568137
956.258,41.9563069327586
956.457,41.4765979220967
958.368,58.4557003257982
958.581,52.7782673479488
960.598,18.9825152474721
960.817,24.4517737541375
961.037,25.6133062168913
961.256,20.5985142128248
961.478,21.6108359378948
961.7,20.1358032588928
961.924,20.3888405444465
962.147,18.3
962.302,18.1436468992553
962.528,16.2719229926581
962.607,9.68785369121788
962.848,13.3747831358749
962.904,15.1
963.167,29.9062086513925
963.47,20.7491432361719
963.775,19.0996942471429
964.082,16.8463992778326
964.392,23.3548692522754
964.704,35.7277241682358
964.904,14.1466811766849
967.921,64.5429932462772
968.034,28.0187507105102
968.303,20.3200374075938
968.574,19.9140131629349
968.847,20.8453235349138
969.122,21.5467697590512
969.397,22.4931482728252
969.677,20.9
969.959,21.5124527917295
970.243,21.154696625932
970.529,21.7
970.644,19.1012247390611
970.934,22.8324289355893
971.227,22.1737818493503
971.521,22.1718873154041
971.816,21.8856398338301
972.116,22.9747781017857
972.419,22.3405683718524
972.724,21.455783451348
973.032,21.1
973.34,22.4902770141477
973.603,17.9605874372387
973.628,17.8835741650392
974.033,126.551925366246
974.442,24.0692280205725
974.856,16.834240038085
975.191,13.390464628301
984.39,11.8541223575209
984.918,13.089500282779
985.449,27.9730567765059
985.986,11.2624591485178
986.534,12.8514859657973
987.085,18.6056989430069
987.628,15.7258845797501
988.194,18.0020332178218
988.837,9.69881641164693
988.9,9.30960571467965
989.4,11.4196587754732
989.864,14.6
990.371,15.0356774042685
990.879,14.7385484193926
991.392,26.0447474421929
991.911,14.15898096992
992.434,12.4432198338261
992.965,13.6356628517862
993.498,12.8
993.844,8.50483886550663
994.388,11.5957769215359
994.933,14.4964881061955
995.482,15.2932872014456
996.035,14.2081162056468
996.592,13.1646968757757
997.158,8.49379354524152
997.723,14.2813433528945
998.258,11.1950680921987
998.318,7.46252372473374
998.892,32.5125407682676
998.927,42.2233126472293
999.495,20.0739234611343
1000.046,27.6219031374065
1000.622,36.5907201600362
1001.197,35.358216131079
1001.753,14.0061704991902
1002.334,10.5092866315126
1002.923,11.628795043209
1003.51,13.0056204379562
1004.105,12.5383506374735
1004.754,10.8718536755057
1005.24,17.1082422562241
1005.844,17.3025977127401
1006.445,16.6666789940829
1007.054,15.8436717517095
1007.661,15.4350454438306
1008.275,16.3
1008.892,16.9286972791769
1009.506,25.1883365695828
1010.127,16.3530942860831
1010.36,20.0131141495535
1010.889,35.4835525385294
1011.39,18.8249499252397
1011.869,26.4920301683058
1012.435,25.6474814087339
1013.008,19.8876353866388
1013.578,20.7501744689168
1014.154,19.1751865671642
1015.159,17.3
1015.738,21.0300246284981
1016.319,19.7555932952255
1016.896,18.5552349455707
1017.479,17.2
1018.059,11.3513084548434
1021.672,15.9637328832385
1022.222,14.6750985884846
1022.48,25.1292198485533
1022.56,36.3212014134166
1023.136,21.6432116712544
1023.439,13.9753976697715
1024.016,15.6
1024.633,12.7503679519071
1025.255,16.9135524305282
1025.872,15.948149106912
1026.49,15.9497774557496
1026.989,12.0689374142962
1027.572,13.0517693620992
1028.19,11.6373047077076
1028.808,17.1599348112891
1029.426,19.542457956016
1030.044,20.9986102484463
1030.637,22.0206317152092
1031.18,15.0419876194667
1031.797,9.6
1032.414,17.6379288881893
1033.031,9.02784727990009
1033.622,8.27703857643889
1034.157,8.74565545213401
1034.638,10.8520544380546
1034.921,9.81837034278008
1035.03,11.3699952528553
1035.475,8.54093068753303
1036.582,16.6580554777256
1037.154,17.8
1037.725,18.2066012814751
1038.291,16.7146319493316
1038.703,11.4812795941342
1039.203,15.4924258250291
1039.766,16.8370290756876
1040.332,17.3394264014059
1040.898,17.6451067817784
1041.457,17.665672406432
1041.88,12.8717649742054
1042.408,18.2137575359296
1042.964,19.1768688778139
1043.523,19.1403153088474
1044.081,20.1
1044.685,20.1265128101438
1045.187,19.7
1045.74,18.443471189591
1045.854,16.4731508123358
1047.063,78.8676629289465
1047.101,89.1179565584348
1047.709,26.2596920146081
1048.31,22.0340425531926
1050.7,21.9
1051.288,17.8731713936757
1051.925,17.9322027886162
1052.507,18.6296169349294
1053.092,19.868515915667
1053.669,18.8
1054.247,18.5
1054.818,15.560956755546
1054.902,17.0763472802167
1055.469,19.1
1056.037,18.7423832610363
1056.598,18.2607689894177
1057.159,19.8349760339826
1057.713,20.6602368573077
1058.361,64.2777990256521
1059.267,29.0433885419496
1059.739,24.297343259122
1060.205,33.7480602041163
1060.671,42.1909801480291
1061.13,23.2048146214029
1061.59,28.6160585988108
1061.946,33.7247930390678
1062.34,28
1062.791,26.0685860136378
1063.224,26.3123988927602
1063.666,25.8047519014837
1064.108,26.221715328468
1064.542,43.1048992202436
1064.978,16.6595995179306
1067.77,12.5781064623849
1068.268,12.290146385426
1068.34,21.2261456675935
1068.949,30.7160463192738
1069.355,12.7524992040973
1069.754,16.0930223205197
1070.148,15.6718369335724
1070.543,22.3854214402648
1070.931,19.7518286397571
1071.317,28.3649991690168
1071.679,24.7193555137221
1072.012,55.2238887719278
1072.389,27.5549460813543
1072.767,27.7
1073.138,26.1985772795897
1073.507,26.5509970024764
1073.876,27.5479840651412
1074.238,25.8501610128363
1074.466,22.7020741922534
1074.734,26.5
1075.093,22.9260926200381
1075.447,25.1236388323165
1075.801,23.8
1076.149,18.5833823529444
1076.174,18.3179678160925
1076.498,88.6321052032649
1076.616,58.1618313566228
1076.994,32.5820597663055
1077.455,24.8583925337797
1077.914,61.5039650986613
1078.365,34.1608516385888
1078.637,23.9764200887054
1078.998,27.1118372646594
1079.469,23.0385481989199
1079.877,18.7547867054374
1080.309,16.492902554188
1080.739,23.9301498478941
1081.162,15.5504893407178
1081.58,15.6168773946348
1081.958,17.396334957087
1082.16,21.8634129094637
1082.186,24.0846105797427
1082.592,16.0173631919301
1082.997,16.5614190157638
1083.398,15.1
1083.792,14.6
1084.185,15.2
1084.574,16.1813275947691
1084.958,15.0255400041767
1085.34,9.61658856606744
1085.45,6.75325664016478
1085.825,14.4816377065279
1086.199,20.0888735671836
1086.569,10.4023310428828
1086.934,16.1906996137621
1087.297,16.4816768535738
1087.658,15.3241687522344
1088.013,15.1649366460752
1088.301,15.2861335258439
1088.394,27.1675693170868
1088.616,18.8545020611856
1088.909,7.11041416238397
1089.202,6.79437503439849
1089.49,6.8214923221888
1089.779,12.4815745393641
1090.063,27.5589068825961
1090.138,12.728686493191
1090.422,16.9928587634733
1090.702,9.47110628819425
1090.982,6.6
1091.258,11.9
1091.535,13.7518706293692
1091.807,13.6731933364617
1092.082,4.5835163537621
1092.495,13.0056052474732
1093.128,12.2
1093.431,4.26816963182965
1093.511,6.6266393443543
1093.632,9.06613320202498
1093.662,12.623851176546
1093.79,40.5260235903519
1094.032,16.6
1094.29,15.5981761399129
1094.546,17.4848501978515
1094.8,11.4567323480609
1095.051,19.5871921807557
1095.303,18.7974288630868
1095.554,20.1032009750465
1095.803,18.704267938883
1096.049,18.0061394987378
1096.127,16.5043404917883
1096.374,18.6156649282919
1096.611,18.2024620219963
1096.854,19.1170361112943
1097.097,20.3
1097.302,14.3361707770595
1097.437,13.1338760050203
1097.639,13.6894698232669
1097.879,15.9109600964103
1098.118,14.3878024193971
1098.158,4.11593813007977
1098.398,7.2159332757999
1098.424,12.2365748399479
1098.604,23.101767039281
1098.917,20.3151550275246
1099.137,17.0288184856834
1099.356,16.2196705779441
1099.575,14.4
1099.794,14.3547673140353
1100.012,14.3456869948567
1100.23,15.1428592472557
1100.447,15.4187744555191
1100.664,12.9594894561582
1100.762,10.9454525255456
1100.951,13.1
1101.167,11.6925295473088
1101.381,11.1612480452717
1101.576,14.038693317423
1101.75,5.8631944444393
1101.858,11.1665894485128
1102.072,10.5656689613942
1102.284,12.5
1102.613,4.4729756097533
1102.846,25.8487718501581
1102.863,23.8931643976711
1103.117,9.07499141188402
1103.379,10.7907934689179
1103.658,38.2184454888802
1103.937,55.6758442750041
1104.216,7.88027522935919
1104.495,9.10622599325061
1104.82,9.35406830162616
1105.099,14.7239120476404
1105.378,10.1868135011443
1105.658,12.976628571428
1105.938,11.5725534950076
1106.096,7.38289900110223
1107.345,40.8053771861174
1107.487,12.688591537058
1107.647,22.5218270147798
1107.862,11.0397680055541
1108.038,13.2846625766915
1108.184,7.52220496894102
1108.37,9.8950073168563
1108.557,7.10137398024363
1108.743,10.4067597669613
1108.931,9.7438888888917
1109.116,13.1709924965874
1109.305,16.1018709073854
1109.493,23.923500975302
1109.682,47.7433646282717
1109.872,11.8088034404258
1109.958,8.22989725451433
1110.148,15.3626416995836
1110.34,12.4666945676732
1110.531,6.1010514018703
1110.723,13.6390335190816
1110.916,15.9418138108287
1111.108,18.5882931262396
1111.302,17.8832784455714
1111.497,19.1
1111.77,22.1286879713944
1114.23,14.2851836734744
1114.505,16.97394529439
1114.781,18.4
1115.06,18.209717294266
1115.34,17.8856598623997
1115.623,18.7225272552671
1115.907,18.0791830322077
1116.193,17.9301454606236
1116.48,17.9044060666447
1116.738,30.577023271299
1116.816,64.8781444866831
1117.394,32.6488307015831
1117.715,18.2048636588989
1118.038,20.5087692534829
1118.695,17.082916323863
1119.027,17.1960593261012
1119.266,11.0236327192931
1119.603,13.8016658778988
1119.943,12.6037259502583
1120.284,13.5446265765972
1120.619,15.9717351903177
1120.954,15.8490248952671
1121.285,23.4376033057833
1121.613,25.3
1121.936,21.6940611223932
1122.23,29.2202281631507
1122.326,51.9522869347617
1122.556,17.904782129933
1122.86,16.7700539568434
1123.161,17.4149397076085
1123.459,17.1493918846198
1123.755,17.4
1124.049,17.4289842381788
1124.34,17.4591468462011
1124.629,17.3317903638556
1124.868,15.1144049753472
1125.152,15.9
1125.434,15.7123697842538
1125.714,15.2756181515693
1125.992,14.3742412856229
1126.268,14.0424976700837
1126.542,11.4
1126.814,11.5349332072367
1127.24,26.9461368931593
1127.477,19.4232782107322
1127.729,16.621242267712
1127.98,27.3067453950293
1128.227,18.4979076525576
1128.475,12.7819103313765
1128.719,27.189397306842
1128.964,13.5
1129.426,9.12976601966699
1129.665,15.5258855767938
1129.904,17.7
1130.12,15.99164360445
1130.326,18.0019118644081
1130.562,18.9412590271166
1130.797,16.2266342665421
1131.015,20.2295957651597
1131.246,18.1
1131.478,22.3471881284219
1131.618,40.7003756647152
1133.341,15.3206885245903
1133.524,15.8172334483354
1133.719,13.9951506668863
1133.913,16.5643481848115
1134.107,22.1
1134.3,23.6470476190236
1134.492,20.3848183175713
1134.673,22.7004901553578
1134.908,19.525077778009
1134.942,30.5
1135.103,43.7443350183165
1135.287,46.352228910436
1135.471,47.5872249388867
1135.666,19.6700576822175
1136.031,23.1843555866571
1136.214,33.8083063456911
1136.397,53.3628348800435
1136.491,38.0477016023228
1136.663,20.4568563922888
1136.796,17.4136327817221
1136.942,16.1422342847144
1137.095,17.0945903361441
1137.278,12.0489554850266
1137.407,20.0581350594845
1137.59,13.5864935746146
1137.613,15.6999650349751
1137.79,20.7636617749709
1137.962,19.5354512131321
1138.135,24.3
1138.319,24.1500914554494
1138.501,25.2
1138.686,24.3212753018859
1138.935,20.8154072179204
1138.984,23.5219956883288
1139.212,47.2228518745399
1139.472,18.3410776681188
1139.734,23.9503942302122
1139.996,16.2496222276393
1140.259,22.6402477532202
1140.523,32.5956256050566
1140.788,19.3556121081016
1141.182,8.89844227428076
1141.416,8.89343479557967
1141.685,7.39961992992554
1141.955,19.799314461322
1142.226,9.78456063993097
1142.499,17.9068800093617
1142.773,15.5231454005947
1147.952,27.3412629425537
1148.112,15.7945824847248
1149.003,25.6372039704314
1153.235,20.0162646108009
1153.559,24.6067172638142
1153.884,25.1198437499988
1154.215,19.6153113056944
1154.546,18.7
1154.883,32.1824526421094
1155.23,17.8673325499501
1155.571,22.6498323866254
1155.917,17.7639210441429
1156.265,14.5073676517583
1156.618,24.5713445530318
1156.972,25.7253550786313
1157.33,17.2647867950524
1157.711,19.0951620206822
1157.732,20.2891719745036
1158.079,17.0336343115131
1158.429,16.1454653338798
1158.779,16.2
1159.136,18.1496684587812
1159.496,18.5609197443193
1159.857,18.9255980650835
1160.223,20
1160.593,21.0676348726799
1160.967,20.3436701013294
1161.018,21.511141002651
1161.395,23.8
1161.774,24.9902736453918
1162.159,24.0490514342644
1162.547,22.6
1162.936,24.8845289013801
1163.332,23.1967153579202
1163.732,22.9
1164.133,24.293550302886
1164.54,25.2850727536567
1164.745,21.7537645553649
1164.773,22.8351295479524
1165.242,23.4347876474197
1166.19,16.6146889074241
1166.672,16.6554257425748
1167.162,16.5282813112176
1167.654,16.7502341806913
1168.151,17.5796542468207
1168.654,16.3535122660612
1168.768,15.7795963418464
1169.28,17.4
1169.795,18.7
1170.316,19.0707044489912
1170.842,19.7319638703439
1171.374,19.5991482112434
1171.915,20.2
1172.458,18.0729405569856
1172.989,16.4086771475711
1173.142,13
1173.267,21.5578679233362
1173.647,27.1353922994271
1174.157,15.5884032561046
1174.667,17.962077519379
1175.187,15.2409833548305
1175.711,14.7278257695593
1176.241,17.452929834604
1176.771,17.3362597356091
1177.311,15.2990896731108
1179.931,17.2426181324896
1180.501,18.6647014361297
1181.076,20.6720881863555
1181.653,21.355641018597
1182.239,20.9202547146704
1182.831,17.2684639025183
1183.192,17.3434418741759
1183.736,20.0981057062683
1184.284,20.5246840579707
1184.842,20.815741698267
1185.399,19.9243937191905
1185.962,21.8896122979546
1186.533,19.4076453455793
1187.361,18.3250975508533
1187.44,19.5597738644852
1188.524,21.5716711568308
1189.117,20.2549033894648
1189.711,20.1442743597307
1190.31,20.5783875821636
1190.925,15.6626698475269
1191.682,24.7
1192.295,29.9270710909959
1193.602,34.3
1194.243,35.67247416762
1194.892,32.7518433669499
1195.22,151.202605278421
1195.302,134.297360071766
1195.965,21.665550078963
1196.704,27.8687960687975
1197.094,23.3461556520782
1198.341,28.6687318623611
1199.014,36.4
1199.125,34.8222164009118
1201.172,30.2657711266043
1202.627,29.1113712374578
1203.354,23.6517348377994
1204.092,31.1500355626442
1204.835,23.3787218093451
1205.682,30.4737277678508
1206.34,34.7114032859075
1207.095,37.4178637627435
1207.861,36.1686399463349
1208.624,40.4179676086316
1209.39,37.4854410908787
1210.372,16.0270424989153
1211.402,36.5904893241213
1212.437,29.9
1213.605,31.6002292448766
1214.516,30.6067068957601
1215.559,34.6892947470091
1215.852,32.1376110940921
1216.897,30.9485311452342
1217.942,27.2042359134458
1219.118,35.0040184927206
