"age","Poaceae","Podocarpus","miombo","Olea","PCoA_Component.1","PCoA_Component.2","PCoA_Component.3","PCoA_Component.4"
21.35994485,38.3,11.1,0.7,3.9,-0.11678183015026,-0.118801779531989,0.0734406870822774,0
31.83705116,36.7,6.73,0,14.5,-0.0392813396183485,-0.889513845881248,0.426030355507828,4.67767451992627e-08
33.10475573,38.14,8.31,1.71,5.5,-0.154438713910667,-0.317090170813276,-0.0162183666576445,4.0662229253336e-08
34.13537178,42.4,9.31,1.96,6.1,-0.151928209060106,-0.316889414241365,-0.0233384223925182,3.86393718774974e-08
35.62400869,41.33,9.08,0.16,3.9,-0.217621710667883,-0.113473415476383,0.141541589211532,8.68677671645804e-09
36.07639015,46.17,7.92,1.58,4.6,-0.257310863775102,-0.205616822145967,-0.0162747661224119,1.44261071483814e-08
37.56439083,34.19,9,2.57,6,-0.0662965322266647,-0.404878285605506,-0.120530878031787,1.64030144624752e-08
38.47247713,36.16,7.34,1.13,4.7,-0.191792304215697,-0.269079418028051,0.0357828633410935,-2.31660211619338e-08
41.33539299,40.33,10.38,0.94,6.2,-0.112895003453159,-0.288005287445206,0.101366576434572,2.16863090867843e-08
44.22784162,40.05,8.75,0.8,5.1,-0.181347397797022,-0.235500299098378,0.0913441674748762,7.32344957420396e-08
45.95175774,43.81,7.85,2.11,6.8,-0.190573813516788,-0.378537531794479,-0.0234694016521161,-1.35214566971884e-09
46.79581345,33.56,5.7,1.34,6.2,-0.182885139258513,-0.453884811810325,0.0498819144843384,5.29862933556361e-08
49.14475421,37,15,1.33,4,0.0176004857841978,-0.102559620108236,-8.22854126442295e-05,1.03757241229075e-07
51.59065801,41.44,5.96,0.99,5.3,-0.276142280667551,-0.293178388241687,0.0709107483801164,3.13575357675559e-08
56.17638258,40.09,5.26,0.93,5.5,-0.28537339317472,-0.328780482033677,0.0850867189378579,2.70234173426283e-09
74.11705981,41.83,10.69,3.05,11.9,-0.00688956956666205,-0.658589310047944,3.47547318001885e-05,-2.65693770506534e-08
77.59748976,22.63,26.76,0.97,9.3,0.56613131903211,-0.352867350427279,0.183511084377286,-2.91798266632106e-08
78.47128035,24.38,32.76,1.97,6.9,0.605788174991817,-0.141759852462429,0.0134459760261299,-1.08549354864544e-07
79.44135646,28.19,29.16,0.72,7.9,0.48491988909788,-0.191068412598908,0.167107409424552,-3.85043686643529e-08
80.23325716,38.02,13.09,2.22,5.4,-0.0126013775107306,-0.250388951400578,-0.0711145793185615,6.88520000338107e-09
80.9564461,57.73,3.09,1.03,6.3,-0.437005397101311,-0.293455221564914,0.0825617007822067,-4.27914746204749e-09
82.31465713,56.57,5.45,1.44,6.6,-0.354658479032922,-0.296404740571587,0.0481389239586359,1.40555873015682e-08
82.87338774,55.52,6.1,0.16,8.2,-0.320270088084581,-0.346617148590687,0.210983929521759,1.68687909520952e-08
83.90876112,55.33,6.04,1.91,7.7,-0.306398676370352,-0.367626977980221,0.0249774266681116,1.89484700816651e-08
85.16931601,33.23,6.71,1.25,12.2,-0.0228654181201648,-0.846218423129713,0.229470622342506,1.88644079880837e-09
85.92573422,44.63,2.44,1.22,19.5,-0.132086780418601,-1.13114140262961,0.352195260726816,4.40412246162001e-09
86.25931603,60.6,2.32,0.99,12.7,-0.352513028842565,-0.606656677511126,0.206435494643192,-3.81547998087122e-10
86.58256678,73.21,0.48,0.19,9.2,-0.511957535238506,-0.362100721608524,0.198443326789838,1.28957361964222e-08
87.07112632,78.55,0.69,0.17,5.6,-0.581107139326437,-0.170352874711136,0.133847152836146,2.81958219445808e-09
87.23731032,73.63,0.83,0.66,3.8,-0.596510526883359,-0.108739087107897,0.0628736166725892,-7.45376352052414e-09
87.5652489,87.54,0.16,0,2.7,-0.657263184600194,-0.0166941635226804,0.0941325815213946,-5.98760306159903e-09
87.91264191,78.98,3.28,0,3.5,-0.558068111249141,-0.0438584345000791,0.111731719436157,8.51267727742071e-09
88.33068399,79.38,2.13,0,4.6,-0.56733560536067,-0.104311959769066,0.129985802414291,-1.74620444989755e-08
88.70980704,91.82,0.16,0.16,2.2,-0.665962530347037,0.00706891357244306,0.0724791507083655,-8.52161123814003e-10
89.10464718,88.73,0.33,0,3,-0.648740800257101,-0.0272532682956185,0.0982428960109404,1.68117850944747e-09
89.61634231,89.48,0.16,0,2.3,-0.665327605778958,0.00381966757401274,0.0869193096298839,-9.86544257372507e-09
90.08245714,85.39,4.49,0,1.5,-0.574068990957003,0.0651065943253567,0.0758561139749174,1.2236894291993e-08
92.13462159,64.13,19.57,0,5.7,-0.118320426281464,-0.0461130869655888,0.152423211124731,4.7269624100914e-09
92.57474933,77.33,6.67,0,2.7,-0.487947293198622,0.0173767259925274,0.0987631521451551,-6.83233579914499e-09
93.30141098,85.21,6.51,0,1.2,-0.533289278614005,0.09090835228822,0.0714130630231366,5.07713958235948e-09
93.56319036,68.5483871,20.16129032,1.612903226,0,-0.190055907493071,0.18484391878141,-0.0676813397227314,8.25020869544894e-09
93.79239369,63.88888889,30.55555556,0,0,0.00931401254988628,0.278650656243069,0.0614375527233413,1.06639742085474e-08
94.24564897,67.56756757,21.62162162,0.675675676,0.675675676,-0.156919364433508,0.185392189784186,0.0170149189473611,2.78101699134125e-09
94.69339746,64.70588235,29.41176471,0,0,-0.0152233053148079,0.272859476533322,0.0610361366233809,9.1979435799064e-09
94.94950409,79.16666667,13.88888889,0,0,-0.378400025420956,0.187144254350978,0.0550947789173238,1.26682065696783e-08
95.16325624,51.04166667,38.54166667,0,0,0.246698297211836,0.334676953017953,0.0653210201123331,9.43397164824382e-09
95.77625523,49.11242604,34.02366864,0.295857988,2.071005917,0.219370442507537,0.207235766887333,0.0758445436843371,1.26651883268968e-08
96.05349646,54.94880546,30.37542662,0.682593857,1.365187713,0.0991663877808808,0.207196799914405,0.0306540838034675,9.92798062326582e-09
96.37773085,40.82278481,35.12658228,0,1.898734177,0.33360413954696,0.242475929932412,0.102347315338498,1.82747352879688e-08
96.66853276,72.09302326,18.27242525,0.332225914,2.325581395,-0.227467591510048,0.0978861946941635,0.0688871621503027,1.31232117212465e-09
96.9909919,33.67346939,40.81632653,0,8.503401361,0.552615091580027,-0.0666053359273951,0.21989400339931,-9.52449297115555e-09
97.33916196,20.15355086,57.19769674,0.767754319,2.687140115,0.931788609412087,0.317819272461896,0.0581082249705319,-6.38374696725185e-09
97.61690606,15.58704453,56.27530364,0,3.846153846,1.0269842240107,0.284069590985246,0.152246353426356,1.14858025503845e-08
98.0855747,41.64133739,20.97264438,0.607902736,1.823708207,0.0655548719105577,0.137889532258704,0.0374169837881686,4.62148307766231e-09
98.75188642,29.65517241,39.65517241,2.75862069,3.793103448,0.583386474974081,0.0878757231518508,-0.112472862589433,2.57770576326008e-08
99.11348015,28.85714286,38.57142857,1.714285714,4.571428571,0.586901890827395,0.0674974510467542,-0.00249121249499444,2.05974647356199e-08
99.49607524,28.75,45.41666667,1.25,2.5,0.660601343870199,0.242088494843504,0.00586064803394466,-4.70552140872469e-09
99.76912619,27.85087719,49.12280702,0.657894737,5.921052632,0.724865936800185,0.0994301422708342,0.121096910726829,1.91915036493713e-09
100.0443528,30.02364066,44.20803783,1.182033097,5.673758865,0.637247140573331,0.0653381198887459,0.0711120492437125,6.90829993801423e-10
100.478527,23.8410596,49.66887417,0.662251656,4.635761589,0.799877547122994,0.171399407409912,0.101013571858236,1.33684891953863e-08
101.0838918,29.83870968,42.94354839,0.403225806,6.653225806,0.630316814796151,0.0268940968535354,0.157649720895805,4.43644293607036e-09
104.8736966,34.5971564,36.72985782,0.947867299,7.109004739,0.482473256325608,-0.0547764242578377,0.115750034175554,-2.95526052077362e-09
105.6835275,40.32258065,29.83870968,0.403225806,4.435483871,0.27933405708382,0.0550068976153047,0.114293899426201,1.26843032451666e-09
106.5295452,36,22.22222222,3.111111111,1.777777778,0.185059329551363,0.0608916712805927,-0.242003692369064,1.97035328567852e-11
107.1818591,35.31914894,34.89361702,0.85106383,8.085106383,0.453105452217264,-0.116817568805207,0.142030719276814,1.48813974973394e-08
108.1310318,43.50282486,25.42372881,2.259887006,4.802259887,0.177725931269372,-0.0515102265032455,-0.0531593545323249,3.83867345888924e-09
109.0428263,48.77384196,28.61035422,1.36239782,3.542234332,0.156092708899548,0.0710203558631614,0.00998838549297892,1.19632008785655e-09
110.7077309,53.04347826,23.26086957,2.173913043,4.347826087,0.0358814286246168,-0.0263789998287912,-0.0464857023392331,2.67288286280308e-09
111.6467818,46.12403101,26.9379845,1.937984496,5.23255814,0.176229322474846,-0.046577180583369,-0.0108700779117267,-1.9037716840568e-09
112.5885004,39.94252874,35.91954023,1.724137931,8.908045977,0.409823953248832,-0.154948881393779,0.0778413063457609,-1.13473885233165e-08
113.4678472,31.61157025,38.84297521,2.479338843,7.438016529,0.55844935275536,-0.100178764944886,-0.0119022500564138,-1.87866441803731e-08
114.8293101,38.66171004,34.57249071,1.486988848,4.089219331,0.376193393005222,0.0760619021655938,0.0102018442466927,1.24470499052468e-08
115.8467631,32.11678832,38.32116788,1.459854015,5.474452555,0.533231105847515,0.0259327913884693,0.0403140443257812,1.95669212170588e-08
117.1048013,36,40.4,2,3.6,0.49053232605602,0.125486720295566,-0.0385044562162544,2.18840052332296e-08
118.0032809,48.38709677,20.96774194,1.209677419,4.435483871,0.0305283943746578,-0.031867005575445,0.0344385334770837,3.42806108387945e-09
118.7163299,21.14695341,48.02867384,2.150537634,6.810035842,0.837433066324202,-0.00072430221282645,0.00823233567754153,-9.50829570035203e-09
119.6160882,29.05982906,35.47008547,0.854700855,5.128205128,0.54472597752837,0.0371939899678677,0.0909325004764085,-3.41824691476122e-09
120.4713872,32.29166667,27.86458333,1.041666667,4.6875,0.368824637169331,-0.00667362630210059,0.0597463307818061,-7.14178776952905e-09
121.0139491,37.21881391,29.44785276,2.862985685,8.384458078,0.356805760879554,-0.232834608597124,-0.0347697085748323,-6.18279672571932e-09
123.320528,85.56034483,1.293103448,0,1.724137931,-0.645875323363602,0.0340657148765284,0.0791333903200531,1.75258759843612e-08
123.8406034,86.2745098,2.521008403,0,1.120448179,-0.627525677857047,0.0707618071395004,0.0692097247968954,-2.01601915946889e-09
124.3355528,82.43727599,1.075268817,0,0,-0.681802889719108,0.115536570035544,0.0501312863638616,6.33726087646739e-09
124.7230928,90.06622517,2.649006623,0,0,-0.646883974531636,0.123777964398007,0.0507025392948738,6.87120165742078e-09
125.1457706,89.74358974,1.424501425,0,0.284900285,-0.67065780318156,0.103770727405198,0.0548612372186556,1.66702813259402e-09
125.5786282,94.19795222,0.682593857,0,0,-0.694442155313199,0.11255351137941,0.0499245154066955,9.38333065804643e-10
126.0717557,85.55858311,0.272479564,0,1.089918256,-0.682798064397204,0.0573556498490738,0.0684195480281283,1.88002808183878e-09
126.5676442,75.26501767,9.540636042,0.706713781,0,-0.451218919802168,0.148320411098548,-0.00434451021222478,7.65978829195856e-09
126.9367655,63.93939394,15.45454545,0.303030303,3.03030303,-0.229560867409323,0.0434077034876491,0.0851848743010743,1.82655326392926e-09
127.2906073,48.57768053,21.88183807,2.188183807,4.814004376,0.0581287585674379,-0.0709799676918697,-0.0461389478495807,1.65973323895978e-09
127.6305321,58.54700855,19.87179487,2.35042735,4.05982906,-0.073446494148412,-0.0345904591053806,-0.0653373938143285,1.3586232588464e-09
127.8142094,84.84042553,3.989361702,0.531914894,0.265957447,-0.598620851053205,0.10591815152933,0.0139958571835268,-3.81426962220623e-10
128.3808973,88.33922261,1.060070671,0,0,-0.684067270953505,0.115002141670876,0.0500942424176178,-4.96114013980001e-09
128.5969312,78.59007833,7.571801567,0.261096606,0.261096606,-0.507138292556139,0.134954851476267,0.0361567008584318,1.17155594309405e-10
128.9098926,84.95575221,1.769911504,0,0.884955752,-0.648848504645741,0.076635547910875,0.0654157263465647,-8.28228009446149e-09
129.2248758,85.32423208,4.09556314,0,0.682593857,-0.596832545267348,0.100581793746719,0.0625803454783849,-1.21574248366028e-08
129.5025651,74.81840194,9.443099274,0.484261501,0.726392252,-0.443092021080269,0.117768706661466,0.0265105129164853,7.90485070568133e-09
129.8078002,44.25427873,27.62836186,1.95599022,5.378973105,0.210328400765865,-0.0523371813137553,-0.0101775476326721,-1.721949223891e-09
130.1088273,50.42194093,23.20675105,2.53164557,4.430379747,0.0626944829797753,-0.0450406770820971,-0.0788425395015807,1.7846127048857e-09
130.469828,45.32019704,26.3546798,1.97044335,4.679802956,0.170170565526943,-0.0253590364553744,-0.0260193589896594,2.43894224502632e-10
130.7701005,56.16161616,21.41414141,1.818181818,4.444444444,-0.0258900312356329,-0.0314159789158249,-0.014600458573208,-7.21886428256535e-10
131.0855258,47.12643678,19.54022989,2.298850575,3.448275862,0.0107058262046584,-0.0241932466923908,-0.0927723427473028,1.84714275198699e-09
131.2501909,56.06557377,16.72131148,1.31147541,4.262295082,-0.123721707075234,-0.0479281305918003,0.0207054966357438,-4.98335125897053e-10
131.2800902,44.6969697,23.48484848,3.03030303,4.04040404,0.12604845360735,-0.0473444513782555,-0.14208737708469,6.35187780513979e-10
131.5734361,56.7032967,19.12087912,2.197802198,4.395604396,-0.0708288754430723,-0.0565450519808295,-0.049965146380796,7.01902558158582e-10
131.798596,53.4591195,21.5932914,2.096436059,4.612159329,0.00429648143866511,-0.0503481278202358,-0.0370157586835148,1.41282811523468e-09
132.1598387,47.81609195,23.2183908,2.528735632,6.666666667,0.112405245167562,-0.163534568958711,-0.0377191383607644,-4.87399768797732e-09
132.5160059,51.4893617,17.23404255,3.191489362,6.808510638,-0.0267727591991363,-0.23567806394395,-0.0986310633542475,-2.62965055823902e-09
132.8084691,61.08695652,17.39130435,2.608695652,3.913043478,-0.138447015006406,-0.0493156821630759,-0.0900844552836885,-2.25259810432054e-09
133.0921119,49.73262032,17.9144385,2.406417112,5.614973262,-0.0190039650217742,-0.154210734060113,-0.0548439324278133,-1.0720034552278e-09
133.4072504,55.85106383,17.55319149,3.723404255,6.914893617,-0.0510714134367844,-0.231819607241993,-0.131694839340991,1.58730089010802e-09
133.7559419,52.18978102,17.88321168,1.824817518,7.664233577,-0.0209898310310104,-0.233711654366375,0.0399119051431364,-2.36183265385387e-09
134.162159,57.79467681,11.02661597,1.901140684,1.901140684,-0.294605315434601,0.0174097736613494,-0.0898229374191338,5.24654872048785e-09
134.3912359,17.79661017,41.24293785,2.542372881,12.71186441,0.852303470293222,-0.402684102338538,0.0838151994605559,-1.12541793928486e-09
134.8470888,32.82275711,39.8249453,3.282275711,3.06345733,0.530485413557179,0.113652860056978,-0.166277734512184,2.59075081613849e-08
135.1002989,63.46863469,11.80811808,2.21402214,1.47601476,-0.30958711630913,0.0436019819959791,-0.114101490752985,-1.73913496114496e-09
135.2470421,57.68261965,15.86901763,3.274559194,2.518891688,-0.158148575487278,-0.0156277345970664,-0.185829830239138,3.79296588699056e-09
135.4024177,58.1300813,13.82113821,2.032520325,1.219512195,-0.238816453498405,0.0743893662704804,-0.109436241548455,2.59515618637605e-09
135.5977216,47.63636364,20.36363636,8,6.181818182,0.09459537853389,-0.303696494605496,-0.513449738533153,6.42194249285258e-09
135.8190062,67.13947991,15.60283688,1.418439716,1.182033097,-0.258720713370139,0.107870184484815,-0.0398701150452918,6.61817921925271e-09
136.083423,38.424821,28.63961814,2.625298329,6.443914081,0.311958535895926,-0.131336947684935,-0.0530905216628597,-4.59912873987062e-09
136.2062168,67.82945736,3.875968992,2.325581395,2.713178295,-0.499402580901212,-0.0841272579387512,-0.108852166394725,-1.50096215907967e-08
136.5822966,33.18681319,30.32967033,3.516483516,8.571428571,0.430957746187137,-0.267523508341603,-0.0939798781834804,8.52739801730595e-10
136.8306344,37.37373737,22.55892256,2.693602694,6.060606061,0.217978981644479,-0.182525873078533,-0.0827365958082547,1.48215356701922e-09
136.9451659,28.8184438,19.02017291,3.458213256,8.357348703,0.307153712844196,-0.450244656427054,-0.137758987318708,9.63766811185585e-09
137.0219807,33.75,19.6875,6.5625,6.25,0.238261425703696,-0.362619804668026,-0.495253138518983,-1.2359862131473e-08
137.2513397,37.25961538,25.96153846,4.086538462,7.692307692,0.301388763558769,-0.26903897287893,-0.168088682850013,1.39977087605365e-09
137.4244246,41.68421053,22.73684211,3.368421053,9.263157895,0.202520111384437,-0.345757489946373,-0.0680178792669307,-2.52653859149115e-09
137.5812783,36.54618474,23.29317269,3.614457831,5.220883534,0.239641748290286,-0.156104140995385,-0.194764327640266,1.40197711879875e-09
137.9145704,65.06849315,2.397260274,1.369863014,2.054794521,-0.561664987461242,-0.0406487772498293,-0.0417840806069035,6.15794585694363e-09
138.1059055,46.45308924,24.71395881,2.745995423,4.576659039,0.132823486219209,-0.0532533375949073,-0.0980007176382535,-6.15570978652756e-10
138.2460641,75.37993921,2.73556231,1.215805471,0.607902736,-0.601504416414054,0.0595265053437301,-0.0446480994384036,-8.49677840310841e-10
138.399834,79.59866221,1.337792642,0.668896321,0.334448161,-0.656514118846143,0.0812705460559093,-0.00103146275202743,3.97983492178801e-10
138.6145254,52.0361991,9.954751131,2.714932127,4.524886878,-0.230512648084611,-0.18266305289791,-0.123467480926925,1.86669040497665e-09
138.8299999,53.92156863,7.107843137,5.147058824,14.46078431,-0.133575078823157,-0.750913627634785,-0.1289874414695,-9.97428529166211e-09
139.0182785,56.26822157,3.206997085,6.997084548,5.83090379,-0.349802744132827,-0.432151419351716,-0.508778073026378,-2.5797168641747e-09
139.1425555,75.43252595,1.730103806,0.346020761,1.384083045,-0.626886190512336,0.0359410660290971,0.0457276700438063,-2.89437430807493e-08
139.3034908,76.38888889,0.694444444,0.694444444,1.736111111,-0.643374858101586,0.000840864838999312,0.0210783594938419,5.33426195993342e-09
139.487989,84.65346535,0.247524752,0.247524752,0,-0.700105233208755,0.103606081858419,0.0293434702633281,1.17673212446288e-08
139.6736741,82.99319728,0.340136054,0,0,-0.701366835500967,0.110919181677157,0.0498112317083808,-1.07960227988021e-08
139.8710624,84.09090909,0,0,0,-0.710447312314597,0.108776051227126,0.0496626804442043,3.64104151745924e-09
140.0090789,89.78622328,0.475059382,0,0,-0.698738276419361,0.111539561545209,0.0498542333901814,9.0455966803874e-09
140.174263,87.68656716,0,0,0,-0.710447312314597,0.108776051227126,0.0496626804442043,3.27754104012603e-09
140.4763126,89.38356164,0.684931507,0,0.342465753,-0.687347759437016,0.0967233625012602,0.0555700726521493,-1.68397932689514e-08
140.6114684,91.55672823,0.527704485,0.263852243,0,-0.693926192203768,0.105194901202475,0.0297957854066476,-1.95405623430292e-08
140.7736679,87.89808917,1.27388535,0,0,-0.678665643434358,0.116277007809914,0.0501826098693552,-4.87334614125858e-09
140.8812784,83.72093023,1.993355482,0.664451827,0.664451827,-0.636737715521114,0.0709105604422258,0.00821033869359156,-2.01274414032765e-08
140.9948356,87.21590909,1.420454545,0,0.568181818,-0.664519666649979,0.0901812974206131,0.0597120376038283,4.3963169419209e-09
141.2344899,86.10169492,5.762711864,0,1.016949153,-0.554364352745148,0.0950169529680211,0.0681991778643485,1.30699335807877e-08
141.3944666,80.74324324,5.067567568,0,0,-0.579066397607211,0.139783942623281,0.0518119949977292,-1.52392494300226e-08
141.5541179,54.51505017,7.692307692,0,0.668896321,-0.420733570098284,0.127991224629718,0.0699318784464545,1.07950190432947e-08
141.5800196,66.30824373,15.77060932,0,2.867383513,-0.241762389503324,0.0634030397100115,0.106605608849834,-2.70922243835273e-09
141.7398779,57.78301887,23.11320755,0.471698113,1.41509434,-0.0535206591144545,0.169907751542064,0.0452036424553028,1.31677037133327e-09
141.7557351,59.51742627,20.37533512,0.268096515,2.680965147,-0.105593202142279,0.0935045790515235,0.0839909503770477,-9.43737151465055e-10
141.9000586,70.77464789,10.91549296,0,2.112676056,-0.379105667813125,0.0704769474098638,0.0918845938970854,-4.67360484414213e-09
142.0614197,67.24637681,15.94202899,0.579710145,0.579710145,-0.269474670823544,0.163097434389105,0.0184697058249116,4.43615292444307e-09
142.2401188,83.05084746,9.604519774,0.564971751,0.847457627,-0.460438802732736,0.110424917801756,0.0245735199818844,1.78065510355013e-09
142.4131342,50.87336245,26.63755459,1.310043668,2.401746725,0.0894197150377483,0.118680538914793,-0.00776379073233126,2.66191754712472e-09
142.5761054,50.57471264,30.26819923,0.383141762,5.747126437,0.178620141797434,0.00171040019698478,0.129620511868168,1.2843112107272e-09
142.7400894,49.67532468,29.22077922,0.324675325,6.168831169,0.175049229058207,-0.026038934377348,0.142810281482932,2.48104592175691e-09
142.7897991,56.64335664,25.40792541,0.466200466,2.331002331,0.00836734040701555,0.137085909425112,0.0628007821506851,3.34415746361522e-09
142.8113486,55.11111111,24.66666667,1.111111111,2.444444444,0.0142078630016204,0.109342102651313,0.0103645749346224,1.4189047559434e-09
143.189403,56.16438356,24.31506849,0,5.136986301,0.0203031640956392,0.0039724430717197,0.149204562923765,-9.37958970806748e-11
143.4218573,52.76752768,27.30627306,1.47601476,3.32103321,0.0930331800760518,0.0720474235862257,-0.00264482499977403,3.06225843657267e-09
143.6163089,45.59386973,30.26819923,2.298850575,3.0651341,0.218520451144098,0.0795436046757001,-0.0795256173709372,-4.91727599344901e-11
144.2122522,53.75722543,26.58959538,1.445086705,2.312138728,0.0611318154525554,0.118852093411725,-0.0186829552072877,5.21180311121936e-11
144.4247066,51.48514851,23.76237624,1.320132013,3.300330033,0.041618505722286,0.0520414973996497,0.00579179224678116,1.4991985824669e-09
144.4600278,54.48028674,25.80645161,1.433691756,3.94265233,0.0579576092114504,0.0336220521160915,0.0114618707501173,1.18549939635974e-09
144.668925,55.35055351,23.61623616,1.10701107,2.58302583,-0.00543530337863855,0.095692881412908,0.0124216254226558,2.44951703180198e-09
145.0487804,47.25,30.75,1.5,5.25,0.222484056843547,-0.00364548605181763,0.0306106510203135,-1.61723788089735e-09
145.2710654,41.19850187,28.83895131,1.498127341,6.741573034,0.276702441699548,-0.106347284849926,0.0566450333133641,7.13072367378033e-09
145.6031563,51.49253731,26.49253731,1.865671642,3.731343284,0.0980713015889245,0.0348547769805148,-0.0292630043203632,-2.15326261244473e-10
145.7854316,50.18315018,27.10622711,1.098901099,5.860805861,0.137420049033624,-0.0467385321805869,0.073153146083806,2.19300857280964e-10
146.0683018,43.08176101,30.50314465,2.51572327,6.918238994,0.284764285612306,-0.120776065191038,-0.0259833606323072,1.14905697841798e-09
146.3101604,64.01515152,7.954545455,1.136363636,1.515151515,-0.419516745217517,0.0437385989414825,-0.023267614805163,-1.00847432128607e-08
146.6921653,17.90540541,59.7972973,2.702702703,6.418918919,0.985142814851482,0.0858177998674367,-0.0340697489421311,2.80054205130138e-10
146.9762379,33.07392996,44.35797665,0.778210117,5.836575875,0.590554350896864,0.0706737569032146,0.107061066707337,-9.81901855965784e-09
147.3823374,40,35.80246914,0.24691358,4.938271605,0.377643736307313,0.0758196423859441,0.134986792638752,-4.01784243352069e-09
147.6992217,38.66666667,42.13333333,0.533333333,4.266666667,0.475075266255916,0.141924982529983,0.0979062801460037,-4.00055466381454e-09
148.0244298,36.76470588,40.58823529,1.176470588,5.294117647,0.489629967433582,0.063401691147201,0.0625728923839478,-5.55880032655585e-09
148.65489,47.2,29.86666667,1.866666667,2.933333333,0.190648206748385,0.0961710459574086,-0.0439946526761687,-1.22090866519833e-09
149.0057827,45.19056261,31.39745917,1.996370236,3.448275862,0.24279753426926,0.0757867863789815,-0.0449024184849298,2.76894686533834e-09
149.9574727,46.27329193,30.74534161,1.242236025,2.795031056,0.210696112171644,0.126703597792737,0.00705406066281352,-2.84035822466534e-09
150.3025066,44.23592493,31.36729223,1.072386059,6.434316354,0.274056111555091,-0.0504186626191759,0.0878423020370384,6.59811842136552e-09
150.6989163,46.3878327,32.69961977,0.760456274,4.942965779,0.255591215038584,0.0438976522349311,0.0873553571670732,-4.85799000383441e-09
151.4955709,46.40718563,31.13772455,0.598802395,2.694610778,0.21131602520944,0.152892708004008,0.0611942815308098,2.55287187480214e-10
152.0127287,32.90734824,40.89456869,0.958466454,4.153354633,0.545413645357224,0.130158208907828,0.0614353769821904,6.42951914505086e-09
152.4569774,36.20071685,45.51971326,0.716845878,3.94265233,0.548234366785394,0.173190781176779,0.0783935581164584,2.53956404487835e-09
152.6685262,43.87464387,30.76923077,0,5.128205128,0.253655139469002,0.0392419236123738,0.159278295114633,-2.21913452668245e-09
154.2179751,38.6167147,30.83573487,0.576368876,5.763688761,0.330189885690194,-0.0169493596255172,0.124100296979031,3.89544461056207e-09
154.6639634,41.75824176,28.57142857,1.098901099,6.318681319,0.259962208358953,-0.0747723164407989,0.084559448960366,-1.57308646356301e-09
155.1819939,44.23076923,28.84615385,2.307692308,5,0.228722736337082,-0.0321701939902186,-0.0465080958665228,-2.11335364498065e-09
156.2667323,42.97520661,31.61157025,1.033057851,5.578512397,0.285902230506554,-0.00686674364747124,0.0765837637910782,-7.0447784114902e-09
157.4020374,41.26394052,28.2527881,2.602230483,2.602230483,0.234583162617383,0.0797015625801265,-0.129491892241784,5.69284334019745e-09
157.9967534,40.68965517,35.51724138,0.689655172,2.413793103,0.34761219940142,0.19508265067948,0.0501131777804482,-4.10661546015087e-09
160.0600327,45.28985507,32.97101449,1.811594203,4.710144928,0.274805041993093,0.0286343526615983,-0.00371837901579956,-3.58212244057212e-09
160.713777,44.3627451,29.65686275,1.960784314,4.901960784,0.237526533128087,-0.01103020376183,-0.0172179143369167,4.66041759506242e-09
161.4001139,42.1686747,18.07228916,6.024096386,12.04819277,0.159153110495655,-0.598333413750456,-0.253683115452702,2.26976075568519e-10
162.1286583,44.97354497,24.86772487,3.174603175,9.259259259,0.198969321567652,-0.297679492422054,-0.0431239916527138,1.55016721215561e-10
163.2247353,46.62379421,20.57877814,2.572347267,5.78778135,0.0671050856091503,-0.150801793104755,-0.0657357771347611,-3.63938660800529e-09
164.035653,46.69811321,21.46226415,3.537735849,6.132075472,0.0935334845947321,-0.184572707834793,-0.142535207850932,-2.04405027122347e-09
164.8716149,53.13807531,12.55230126,4.60251046,8.368200837,-0.102037666667051,-0.392435474736337,-0.1974711324845,-1.42134053923128e-09
165.7408226,69.64980545,5.836575875,3.501945525,4.6692607,-0.407407509081237,-0.18722556939782,-0.158936237593727,6.08620938809359e-09
166.625649,70.18181818,2.181818182,0.727272727,1.090909091,-0.607698475663091,0.0393995691647111,0.00371291519007673,1.16519586870041e-08
169.4736297,60.9375,9.765625,2.734375,2.734375,-0.318187991559888,-0.058518242225192,-0.144523048577769,5.78984292184871e-10
170.4574079,70.4379562,3.649635036,0.729927007,2.189781022,-0.545489137377715,-0.00851620352013503,0.0270660567615851,-6.02258654156397e-09
171.4061576,82.28782288,2.21402214,1.10701107,0,-0.635675001442368,0.0925682602110542,-0.0402521461325294,-1.49327798046702e-08
172.3854436,75.625,1.25,0.3125,0.9375,-0.649733829776967,0.0571784518834114,0.0399813249994357,-5.26742557550884e-09
173.4039931,87.01298701,1.623376623,0,0.649350649,-0.658006291444438,0.0875442232515125,0.0611372191626055,-7.09883088370328e-09
174.9611281,90.72463768,2.608695652,0,0.289855072,-0.643353505157562,0.11030409736921,0.0552797608177939,-1.0429970315241e-08
175.9671454,34.86590038,29.50191571,3.0651341,16.66666667,0.445323823240616,-0.629684261396204,0.100992587485736,-2.69395328446704e-08
176.9742043,88.73720137,3.412969283,0.341296928,0.682593857,-0.611993747303119,0.0885674273374498,0.0361508492379809,-1.04092472371275e-08
178.617164,78.29181495,10.3202847,0.355871886,0.355871886,-0.441528608867874,0.143402990246329,0.0317981975167675,4.43788765361809e-09
179.6493698,79.47761194,7.462686567,0,0.746268657,-0.507076958803269,0.117445207453669,0.0654134210685846,-2.09490259452113e-10
182.0928059,68.62068966,13.44827586,0,2.068965517,-0.314311878123831,0.0886340388124997,0.0920396307725318,-6.75647388727633e-09
183.1023805,56.50684932,19.8630137,0.684931507,1.369863014,-0.106539514318313,0.147722059401615,0.0234860534341484,-9.31820442710819e-10
184.070159,60.64981949,18.41155235,1.083032491,2.166064982,-0.15188361477009,0.0845459776496851,0.0044789369002604,-7.50992060996356e-09
185.0257023,58.20895522,14.92537313,1.865671642,5.223880597,-0.158180608664139,-0.12268262887883,-0.0101538523065125,-2.9688107252298e-09
185.9671838,42.30769231,15.38461538,7.692307692,0,-0.0301658958082162,-0.0386830670860884,-0.768385937920334,-3.96102159394919e-09
186.9081868,58.69565217,19.56521739,2.173913043,6.52173913,-0.0528984436925427,-0.148075574549135,-0.00629640858778924,-2.86423530899295e-09
187.8172609,53.67647059,21.69117647,4.044117647,1.838235294,-0.0128677808695943,0.0385490432706839,-0.256704385069037,2.19124552129805e-09
189.5976373,59.92647059,13.97058824,1.470588235,2.941176471,-0.226588817573719,0.000241069092342027,-0.0199509806887716,-3.24135089774562e-09
190.4413262,35.29411765,35.29411765,0,2.941176471,0.423370694951626,0.191526442423993,0.126602766141055,5.00270602759636e-09
191.2754845,28.46715328,32.11678832,2.919708029,9.124087591,0.534075076843461,-0.283301801192388,-0.0299243854655664,-8.88163351163889e-09
191.820936,33.6996337,36.996337,2.93040293,4.761904762,0.489529764001463,0.0133877469368692,-0.105504737461043,-2.56903798619629e-10
193.9183704,58.04195804,3.846153846,3.846153846,2.797202797,-0.443481935059142,-0.163772490274496,-0.281938340339095,3.07022497657831e-09
194.5101398,54.67128028,2.076124567,0.692041522,3.114186851,-0.534139583364144,-0.117195747856328,0.0470730601154259,-3.62493313315067e-08
195.2238448,52.20338983,4.406779661,2.711864407,0,-0.484247393078594,0.0424765030703479,-0.268831555171789,-2.79341681169724e-09
195.80915,74.82014388,0,3.597122302,0,-0.64930243170648,0.00310924263712363,-0.272640226700771,6.29199001877647e-09
196.2000207,79.31034483,2.413793103,0,1.379310345,-0.618462204359721,0.0537855687407317,0.0753963365412349,9.82992959344254e-09
196.8923358,82.98611111,0,1.388888889,0,-0.688505610300569,0.0708577561254533,-0.065994988300857,-1.67214664447487e-09
197.5445092,68.34532374,1.438848921,0,0,-0.664576862369137,0.11960217413371,0.0504130940477639,-3.45687440889805e-10
197.996264,73.92739274,4.95049505,0,1.320132013,-0.545977577341298,0.0715243204206402,0.076382728164627,-1.81619468597585e-09
198.4442828,76.89655172,6.206896552,0,1.724137931,-0.514149977423919,0.0611784355474325,0.0825444617518159,8.43989613237378e-09
199.5646135,58.24175824,12.08791209,0.732600733,0,-0.3182742610897,0.174343766979943,-0.0165814937113914,-4.13813837812545e-09
200.1997221,59.54198473,12.97709924,2.671755725,0.763358779,-0.26688561691404,0.0749239616826256,-0.176329624788129,-8.97220159802371e-10
200.8521647,58.82352941,20.76124567,1.038062284,2.422145329,-0.0895147176693199,0.0878139766641087,0.0142977780685602,1.9577247929514e-09
201.5429769,60.58394161,13.86861314,0,1.459854015,-0.272300040640956,0.123316289248938,0.0849033437753455,-4.99449611416032e-09
202.1768719,75.44483986,10.3202847,0.711743772,2.491103203,-0.395548740871981,0.032758302270973,0.0393042002989474,-2.42605119712506e-09
202.8239908,70.96774194,9.677419355,0.716845878,2.150537634,-0.398746192640633,0.0408682082752228,0.0318550770726088,-2.37025596200076e-09
203.2978143,52.43055556,25.34722222,1.041666667,3.125,0.0575308149467051,0.0805170897971936,0.028302858645454,-2.02213505802416e-09
203.9542913,51.30111524,23.42007435,1.115241636,1.858736059,0.0187406138621529,0.132739642166441,-0.00465269871266413,-2.73789179466953e-10
205.0455748,45.8041958,30.06993007,0,2.797202797,0.198514613208051,0.158995645162157,0.116436309515384,-2.78657833173162e-09
205.7305114,38.84615385,33.84615385,1.538461538,7.692307692,0.388538041015972,-0.11492877576286,0.07235366761186,2.54638263344309e-09
206.4134954,42.24806202,26.35658915,0,6.589147287,0.213837044791752,-0.0780290540101796,0.192702929358994,-9.75191873920409e-10
207.0463004,43.97163121,21.9858156,1.063829787,7.446808511,0.130300939033194,-0.192316217712047,0.108709697167316,-4.34165974708509e-09
207.7655751,65.2173913,8.695652174,0,0,-0.448715921459754,0.170548634868115,0.0539444521819908,5.53117557048273e-09
208.3501321,63.53383459,4.887218045,0.751879699,1.127819549,-0.515079502539322,0.052747529224388,0.000898045720511009,-5.49338163383409e-09
208.9584268,28.22299652,28.22299652,1.742160279,15.33101045,0.519013258707253,-0.626755623102224,0.207172091099738,-2.15714749720864e-08
209.7440145,26.82291667,47.65625,0.520833333,10.15625,0.73938198296526,-0.116207206517765,0.204377006967766,-6.94305101179381e-09
211.2732889,39.92094862,26.87747036,1.185770751,1.976284585,0.213416307362799,0.151904442814916,-0.0134443191914375,4.3774167764405e-09
212.162793,28.35820896,47.1641791,0.298507463,3.582089552,0.690396281863314,0.221078751905736,0.111938444203794,1.59623113132617e-08
213.046104,31.1023622,45.66929134,0.787401575,2.362204724,0.622686471311936,0.261034337499219,0.0451798662947939,-9.43487223314771e-10
213.898345,27.45098039,51.82072829,0,1.960784314,0.748568378419504,0.341579780569912,0.108767563323487,-6.30421694250166e-09
214.846897,32.03125,50,0.390625,3.515625,0.657445171658951,0.2306698731023,0.0997227581752495,1.69739651140776e-08
215.826446,27.75800712,46.97508897,0.355871886,5.338078292,0.704279695006879,0.124371830664432,0.138509432182311,1.39575140662964e-09
216.8111492,34.54545455,38.54545455,1.454545455,5.090909091,0.496108364207916,0.0503027162547212,0.0339901817095434,-5.30015477288038e-09
218.1300624,33.85214008,35.79766537,0.778210117,4.6692607,0.466371569643692,0.0720639400532241,0.0866423480211871,1.17861230881458e-08
218.9179998,30.76923077,40.38461538,0.769230769,3.076923077,0.568793557596424,0.19425609240784,0.0581917364933352,7.54829417753149e-09
219.7423686,38.42975207,33.05785124,0,2.066115702,0.335741380611554,0.225883568774088,0.107782972044544,3.31060773407464e-09
220.8791846,32.29571984,35.79766537,0.389105058,3.891050584,0.485764457625445,0.128572752668013,0.109822660997115,-3.91456704775198e-09
221.6744864,31.66023166,41.31274131,0.386100386,3.474903475,0.567026522880735,0.188123963939652,0.101164795258394,1.0862424450188e-08
222.5724377,39.75409836,28.68852459,2.049180328,4.098360656,0.272428801412013,0.0149110381292654,-0.0476765967234909,-2.03438122998031e-09
223.6409998,36.84210526,31.57894737,1.127819549,3.007518797,0.346888826510286,0.126074835839218,0.0179148373992659,-8.19551298770605e-09
224.9973432,33.69175627,27.24014337,1.433691756,4.301075269,0.333619848300292,0.000746042148394253,0.00935272424715786,2.51743611848417e-09
226.3691001,39.01515152,31.81818182,0.757575758,3.787878788,0.32488240129116,0.0945957213438306,0.0691219393030796,-6.03472202988298e-09
227.394549,37.890625,30.078125,0,7.03125,0.336336359535384,-0.077404321293181,0.203642499476976,5.00908109991338e-09
228.4345742,31.92307692,34.23076923,1.153846154,3.846153846,0.470564339196763,0.0952620659909296,0.0335987044447096,-8.66665019478728e-09
229.4504559,37.68656716,31.71641791,0.746268657,2.611940299,0.332161841014836,0.162105859228303,0.046834492246635,-4.65672248135823e-09
230.5174266,36.75417661,37.23150358,0,1.193317422,0.417489404622331,0.301633915218803,0.0912862882125976,1.26366246492205e-08
231.6038063,37.23849372,35.9832636,0.418410042,4.184100418,0.413999398846005,0.111635108801308,0.108648626745392,2.59456069702186e-09
232.6894291,37.16475096,43.67816092,0.383141762,1.53256705,0.500414119990405,0.296859023976113,0.063875083904738,1.36863644787648e-08
233.8180523,34.68634686,33.57933579,0.73800738,2.95202952,0.409070298643825,0.156558977290383,0.0555787578219133,2.05107443333751e-09
235.0305466,37.84860558,33.46613546,1.195219124,4.38247012,0.372518593011761,0.0602917723228137,0.0410251185963033,-4.44716656185014e-09
235.5497871,35.31746032,37.6984127,1.19047619,2.380952381,0.45659964720213,0.19985630772379,0.00458231314396261,-1.06518854598847e-09
236.1819469,34.52380952,44.84126984,3.571428571,0,0.549790134972829,0.293468581091199,-0.233223389522985,4.09359899945037e-09
236.1819469,41.05691057,25.20325203,3.25203252,9.349593496,0.250994035171775,-0.320147382346763,-0.0521807242796692,2.17849149502832e-09
237.3493261,32.96296296,34.81481481,0.740740741,2.592592593,0.452736209993526,0.187551651249424,0.0484963202309971,1.17883793111491e-08
238.4662173,24.5210728,43.29501916,2.681992337,4.597701149,0.720725593139082,0.0701193501731043,-0.0892640785887172,9.2152243635793e-09
239.4854081,14.13043478,48.1884058,2.898550725,10.50724638,0.985091470966749,-0.232485453179084,0.0101746291497285,-1.52278255782781e-08
240.9727975,31.81818182,32.42424242,2.424242424,10.3030303,0.489431466701837,-0.309080697189766,0.0427120223119104,-7.60638492979158e-09
243.1297461,47.5177305,18.43971631,2.836879433,2.836879433,-0.0196565774450375,-0.0148930550389588,-0.160352133916118,-1.81677373562308e-09
244.7626206,54.78927203,6.130268199,2.298850575,0,-0.446245981785603,0.0759266743132872,-0.202306406241177,-6.95102323212e-09
246.4408634,65.66523605,6.008583691,0,0,-0.523944105665894,0.152793640765742,0.0527137632991374,1.04667039476907e-08
247.6127349,37.02290076,32.44274809,1.526717557,0,0.334890125711247,0.299187588703743,-0.0848063164347161,-4.20657710855689e-09
250.6495627,57.53968254,15.47619048,0,0,-0.238904072755007,0.220067417963461,0.0573768507227338,-2.50613142737712e-09
252.3769928,36.99186992,17.07317073,0,3.25203252,0.0457859717241484,0.0250630182701306,0.144859020231786,-9.61862503232858e-10
254.5142109,51.28205128,20.51282051,2.564102564,0,-0.0507682442823761,0.174189818804004,-0.182580178096376,2.77026481790701e-10
256.9176955,63.07053942,13.69294606,1.244813278,1.244813278,-0.279237494107893,0.0968413348854584,-0.0310561094945885,-4.55501297137265e-09
259.3034215,69.23076923,19.23076923,3.846153846,0,-0.191424707833838,0.122184316949726,-0.235513489415178,7.00374273029646e-10
262.2673932,80.78291815,6.40569395,0,0,-0.546998729470489,0.147352399374599,0.0523366032026376,-1.4128395725914e-08
264.3902859,71.79487179,10.25641026,0,0,-0.432357709448461,0.174409421365233,0.0542120629169585,-1.16256466427366e-08
266.3895054,48.64864865,18.91891892,0,0,-0.087526602109038,0.255794800285842,0.0598532971796626,2.93208013754039e-09
268.8333573,70,15,2.5,0,-0.29098276003106,0.132972203748905,-0.14484683432736,-2.664704792959e-09
270.7392771,61.01083032,19.13357401,1.444043321,1.444043321,-0.145937666901875,0.116107478296221,-0.0382887527299094,5.96738582566752e-09
272.9204713,55.98455598,17.37451737,0,0,-0.183540696622184,0.233134015636909,0.0582825630198326,-4.63763555020661e-10
275.989686,49.45848375,27.79783394,1.083032491,0.722021661,0.105076738633157,0.223184540769509,-0.0202125144088094,-7.88316024586978e-10
278.6970838,49.04942966,32.69961977,1.520912548,2.661596958,0.210789052698592,0.13672873561031,-0.014795321308042,4.42122437507239e-10
281.9193507,54.96183206,22.13740458,0.763358779,3.816793893,-0.0179801364212316,0.0317964875327687,0.0633361428701295,-1.72498793793314e-09
285.6165704,45.31835206,24.34456929,1.872659176,1.123595506,0.0947997514954201,0.159887077354674,-0.0962396582915662,-2.24539465265138e-10
293.5723511,49.81132075,27.16981132,1.886792453,4.150943396,0.130378754342575,0.0166608593638672,-0.0237745782087786,-1.64828979530871e-11
299.0113763,43.18181818,23.10606061,1.515151515,9.848484848,0.186672765622709,-0.316678576090949,0.111960642383226,-5.51627499147103e-09
303.6235281,42.21311475,12.70491803,0,6.147540984,-0.0815953242234804,-0.208026502371383,0.206908775969381,-3.4859537716097e-09
310.4643337,45.83333333,25,3.03030303,1.515151515,0.114127414866033,0.105248176869722,-0.190842381651841,3.12846033302776e-09
318.1947354,32.14285714,10.71428571,0,7.142857143,0.00182748037225977,-0.383287278815869,0.269856111157556,-1.04397911708766e-08
333.7526212,38.39662447,15.18987342,4.219409283,2.109704641,0.00549375220534404,-0.0693448813690872,-0.383562703255055,-5.24175241471138e-10
341.2527347,41.08527132,22.48062016,1.162790698,1.162790698,0.101193839672442,0.172582775926459,-0.0356750394816127,-2.48193926480649e-09
346.2063545,53.55805243,13.8576779,1.872659176,1.872659176,-0.198744386106377,0.0390369810127978,-0.0890246487321866,-1.2257346863242e-09
348.954242,33.86454183,30.67729084,2.390438247,3.187250996,0.383255711736486,0.0675975706896863,-0.106364076657307,-1.65142203792988e-09
354.5662718,29.18149466,25.26690391,3.914590747,3.914590747,0.379579934593199,-0.0890046787037637,-0.283764817921309,1.93794075249053e-09
359.7280976,31.83520599,31.83520599,2.621722846,0.74906367,0.416532214458005,0.220741689166366,-0.191210619534064,-6.93833614266139e-09
362.7388714,18.46689895,43.55400697,3.135888502,2.090592334,0.843849673489839,0.209860402376537,-0.208191616802337,5.7622388890947e-10
366.8609774,40.07633588,34.73282443,3.053435115,0.763358779,0.340089554800261,0.210177578016593,-0.192687580330927,-2.2789591676545e-09
370.0007575,38.26714801,25.63176895,5.776173285,3.610108303,0.253940430979718,-0.097614422286839,-0.41815796252579,7.11638289082885e-09
373.4070148,27.83882784,30.76923077,3.296703297,9.523809524,0.529259840779608,-0.335630823894765,-0.0607109006381395,-6.46464298982131e-09
376.5939856,43.17343173,30.25830258,0,2.58302583,0.23114840432207,0.173975976175367,0.114671053632807,-1.06908258275371e-09
379.5760635,44.22310757,23.5059761,0,2.788844622,0.096333652287396,0.116429409638737,0.120592841480754,1.2963865020622e-09
383.0089818,41.02564103,33.33333333,0,5.494505495,0.331671749766858,0.0367597079750804,0.167155211714354,7.87883381053852e-09
386.3934602,38.26714801,23.8267148,2.166064982,2.888086643,0.192885199403857,0.0387591202727106,-0.100127937350239,-5.80916305671258e-09
388.5564423,43.75,28.125,1.171875,6.25,0.228272192334815,-0.0725958113764786,0.0759189217169326,8.44110347643958e-09
391.0603813,37.01067616,33.09608541,3.202846975,2.135231317,0.368743159014062,0.12154556544173,-0.190575627411686,1.34124129823058e-08
394.3596316,37.28222997,27.87456446,3.484320557,3.135888502,0.290264166200171,0.0159682786312634,-0.212325553216426,2.20195177793331e-09
397.9236796,41.00719424,31.29496403,1.438848921,3.956834532,0.294272727537566,0.0620825263971718,0.00992162659791686,-6.52891850887131e-09
401.0815271,44.56928839,27.71535581,2.996254682,2.621722846,0.187796198470342,0.0645566158637581,-0.157592428263869,2.27348437714386e-09
405.1256936,50.18450185,24.35424354,0,5.535055351,0.0801703604232332,-0.0240637499207286,0.163503672712046,-1.38324469607475e-09
413.4278095,54.88721805,24.06015038,0.751879699,2.631578947,0.00457429329826694,0.105912610130677,0.0436544934738275,1.07761043714495e-09
417.5157942,50.90909091,27.27272727,1.090909091,2.545454545,0.10019524346533,0.121420969147812,0.0143664552331827,-4.54371278020623e-10
421.5699599,47.9020979,30.06993007,1.048951049,1.398601399,0.167465362316141,0.201458548397066,-0.00251814253749807,-5.02782507988336e-10
423.8925915,52.63157895,24.43609023,0,3.007518797,0.030385457543466,0.110057752913123,0.116609958778006,8.47513819716607e-10
426.4007072,54.66101695,25.42372881,2.118644068,2.542372881,0.0397571436661906,0.0817464162862425,-0.0704710432908014,-1.01164618870476e-09
430.3547124,33.6996337,40.65934066,1.831501832,5.860805861,0.539507742603395,0.015258419569306,0.0170600802190294,-4.71280159470155e-09
433.7587934,30.03533569,44.16961131,1.413427562,6.007067138,0.637829128085153,0.0415660107209564,0.057106460502042,-5.87251293182919e-09
440.7188122,30.33707865,34.082397,1.872659176,9.36329588,0.528836007983342,-0.235469901600809,0.0761476764282922,4.1499589764218e-09
446.1185634,41.63424125,23.73540856,4.280155642,7.392996109,0.207221306446336,-0.263540349505747,-0.1868003064513,-6.78007024038407e-09
448.9397915,41.69741697,21.77121771,4.79704797,9.963099631,0.200428424521467,-0.425338119250437,-0.181708908583441,-1.9153973641641e-09
452.7666869,37.86764706,30.14705882,3.676470588,5.147058824,0.336635174762199,-0.0789200540283578,-0.17264822337748,-8.11804309100105e-10
455.5458831,41.44486692,26.61596958,3.802281369,7.224334601,0.252955954628246,-0.211846584737502,-0.140077283490489,2.54667119778135e-09
458.9789493,42.85714286,31.5018315,1.465201465,5.494505495,0.286805863456667,-0.0152736935422577,0.0376202616159393,1.54418489397649e-08
461.9316084,42.42424242,22.72727273,2.272727273,4.545454545,0.138326053601088,-0.0654435588337061,-0.0668235278362253,-2.56472051046075e-09
465.4217588,45.05928854,29.24901186,2.766798419,3.162055336,0.211476530783934,0.0539674310988125,-0.120761446667085,3.15155555834429e-09
468.6721162,46.26038781,19.66759003,6.094182825,5.540166205,0.0761846357200375,-0.241362956563093,-0.386970164215385,7.18501589426038e-10
472.1177851,68.19787986,14.48763251,1.060070671,0,-0.308707797960484,0.170451731056698,-0.0329804109827876,-1.12012728917174e-08
475.7131874,87.45519713,5.734767025,0,0.358422939,-0.567748777945539,0.124749337145187,0.057590199146067,2.14819518782331e-09
478.8489627,86.87943262,6.028368794,0,0,-0.566095457445409,0.142845281515152,0.0520241919558999,3.06451379945683e-09
481.3799366,88.21548822,5.723905724,0,0,-0.57489109018293,0.140769378593535,0.0518803005734095,-3.56253470533104e-09
483.4569742,81.25,6.25,6.25,0,-0.473268964358236,-0.00978857985968489,-0.416324540612354,2.32823343882184e-08
486.4677485,81.9112628,13.99317406,0,0,-0.385844502003338,0.185387244804486,0.0549729916554713,-1.33024188810735e-08
488.4292066,75.35714286,12.5,0,1.428571429,-0.372605384163108,0.114572725721788,0.0785461716197663,1.92234143744688e-09
489.8960573,80.40540541,10.47297297,1.013513514,1.013513514,-0.427132251919941,0.0966681793738531,-0.00666487957955959,-1.15716390946782e-08
492.6424726,71.21771218,17.71217712,1.10701107,2.21402214,-0.227733822164237,0.0803774205799761,0.0080183656197089,-1.01267014398593e-08
495.7764888,69.28327645,19.11262799,1.706484642,2.730375427,-0.17941892784569,0.0500617779472934,-0.0282740921095651,3.1923851139074e-09
498.1037237,73.18007663,11.49425287,1.915708812,3.831417625,-0.329537228441062,-0.0526057743063246,-0.0315727044198589,-8.36406082817534e-09
500.2011667,78.0669145,11.89591078,0,0,-0.416269881311474,0.178206393161196,0.0544752503306436,4.37106732909473e-09
501.5618704,67.39130435,15.2173913,0.724637681,1.449275362,-0.271560916747291,0.110987865326316,0.0215568319854853,-1.10169466577363e-09
502.3471329,48.31932773,25.21008403,2.521008403,5.462184874,0.129324789805829,-0.0836660604950724,-0.0567580315992229,2.23102244745265e-09
503.3219167,71.04247104,17.37451737,0,0,-0.273275884467047,0.211955148331073,0.0568145480830529,6.88748842682506e-09
504.8294082,61.45038168,25.57251908,0.763358779,0.763358779,-0.0422592067411411,0.204070559907912,0.0124195127607641,-1.93907865044836e-10
506.2599866,49.80988593,25.09505703,3.802281369,4.562737643,0.111228824743525,-0.0700617107606554,-0.178733770310298,-1.50193917828946e-09
507.4645464,45.16129032,22.58064516,0,3.225806452,0.0723647818309228,0.0834771864478804,0.128822991523618,1.41540839057876e-09
508.4682961,46.9924812,24.43609023,3.759398496,3.759398496,0.120146309563734,-0.0399213264392728,-0.202855132010205,8.28568885614565e-10
510.0154873,41.54411765,30.51470588,3.308823529,5.147058824,0.29289514532293,-0.0574334583898083,-0.130247732607211,3.03026420314916e-09
511.7598644,58.93536122,30.03802281,1.901140684,0.760456274,0.0601548351748993,0.19798152952329,-0.0718405739049879,1.695088384858e-09
512.8654944,53.78787879,28.03030303,1.893939394,4.166666667,0.106066344135601,0.0259518775580598,-0.019662348772849,-1.91275256989293e-09
513.9651174,52.0295203,21.03321033,2.95202952,4.79704797,0.0151579576847887,-0.0899273432959345,-0.109274351826551,-1.4989444070442e-09
515.1658384,59.7826087,23.91304348,2.536231884,2.173913043,-0.0298935871689604,0.0806506493169645,-0.105504455343378,-2.64014325808539e-09
516.5034882,51.07913669,24.10071942,1.438848921,5.395683453,0.0751692903058034,-0.0557648066522533,0.0349042456831091,9.14174404472065e-10
518.3982098,57.36434109,25.96899225,1.937984496,5.426356589,0.0536753179960766,-0.0433043259458209,-0.0010975243388912,-1.13463089467929e-09
520.0556902,21.75438596,51.22807018,2.105263158,2.807017544,0.848098601976491,0.239326536489129,-0.0627222300405207,1.10534992745995e-08
521.9997807,78.36065574,5.573770492,0.655737705,0.983606557,-0.536375865120165,0.0766800138077571,0.0152818127697602,-8.51443431463337e-09
524.0494582,75.17730496,7.092198582,0,1.418439716,-0.493965406758379,0.0815436962234842,0.0779463537278057,-2.81395421303566e-09
525.6292059,82.22222222,5.925925926,0,1.111111111,-0.542223187403633,0.0909542260134611,0.0705863536032857,-7.25590189953552e-10
527.2799836,73.75886525,7.092198582,0,2.836879433,-0.466018825132639,0.00981414109508406,0.1031456999253,-6.77268635384402e-09
529.8222726,77.17391304,10.86956522,0.362318841,1.086956522,-0.414815700863909,0.111821966797446,0.0436947965817499,2.83802356747215e-09
533.2662048,69.28571429,10.71428571,1.428571429,1.071428571,-0.37702790463482,0.08211688179931,-0.0479679578445786,-1.95899671371612e-09
536.8581995,58.90909091,22.54545455,1.090909091,2.909090909,-0.0503532497163159,0.0738279333386841,0.0201817229059576,-3.62022893677269e-09
541.827617,57.14285714,21.9047619,1.26984127,3.80952381,-0.0363964666755091,0.0190815212924805,0.0204082756159077,-1.69600672386124e-09
548.626539,68.94197952,15.35836177,0.682593857,0.682593857,-0.287834282824737,0.15083522601574,0.0120487114474057,-8.31670826777519e-10
554.7736077,57.51879699,22.55639098,1.503759398,1.503759398,-0.0524824426602524,0.133037123421768,-0.0407177005899094,-1.34897174791003e-09
561.1828571,53.55805243,24.71910112,3.370786517,1.498127341,0.0347028187438391,0.0952373871007913,-0.197574755334377,-3.0349970842774e-09
566.5646998,60.50724638,18.84057971,0.724637681,2.536231884,-0.140740602876181,0.0783905374518573,0.0419761292839207,-2.22835097338428e-09
570.3231885,57.62081784,29.36802974,0,5.576208178,0.0947147507333658,0.0204211663059638,0.150773648708691,-2.11608277108722e-09
573.3690606,60.94890511,14.59854015,0,2.554744526,-0.240678101480934,0.0684880707695284,0.105097878425763,-6.31646299092804e-09
573.7404917,58.48375451,14.07942238,1.444043321,1.444043321,-0.238240695543444,0.0816721792878164,-0.049563924667357,-8.59073529911083e-09
573.8650242,33.88235294,36,1.882352941,2.823529412,0.459368210595817,0.143862576748111,-0.0538074954316845,1.62003597719561e-09
574.0621613,26.25899281,47.12230216,2.158273381,3.956834532,0.726534522734465,0.146830675959592,-0.0455187301527341,3.26547908747089e-08
574.2156721,43.88489209,28.41726619,2.158273381,6.115107914,0.235002690844973,-0.0889278434541986,-0.0128688655218896,-1.12219718911752e-09
574.3127524,32.80632411,33.99209486,1.976284585,3.557312253,0.452558553979455,0.0844573776888511,-0.0520869857464042,-7.5370816959317e-09
574.5715082,26.80412371,44.32989691,1.374570447,2.405498282,0.683416182491761,0.241322775963352,-0.00998191047481432,3.89745080297108e-09
574.7252101,29.390681,45.51971326,3.225806452,0.716845878,0.643340681438275,0.279174181629388,-0.203247023880926,-8.84916181855718e-09
575.0457594,28.46441948,47.56554307,1.123595506,1.123595506,0.684215159123391,0.334023723434099,-0.00773518207269047,3.31783948785566e-09
575.9807906,38.80597015,35.82089552,2.985074627,2.23880597,0.383616108193871,0.13955116488519,-0.154987472456285,1.19079520504489e-08
577.1416459,40.50179211,29.390681,2.150537634,1.433691756,0.250625483104056,0.168805793814955,-0.112414293456949,1.14741081344466e-08
579.9048126,31.22807018,35.78947368,2.105263158,3.859649123,0.506169022734239,0.0760026386400711,-0.0565418795680047,-1.57995007295649e-09
581.8761389,28.35820896,27.23880597,0,6.71641791,0.439753871463744,-0.117852088653975,0.225821632608549,-1.2436106799888e-08
584.5149451,51.90839695,17.9389313,1.908396947,1.908396947,-0.0914280158750745,0.0673265500318118,-0.084983132753422,6.00233818280155e-09
586.9104846,27.62645914,33.85214008,0,10.11673152,0.574446273375391,-0.240964774558702,0.276957067738894,1.51135507184041e-08
589.604319,32.1299639,34.65703971,0,7.942238267,0.496545334415774,-0.0974970611876169,0.224554840298113,-1.18149313804261e-08
592.2164086,46.18181818,17.81818182,1.454545455,8.727272727,0.0440395380456105,-0.308159804850922,0.0955490462248946,-2.70940932925923e-09
594.8900882,47.56554307,16.85393258,0,3.370786517,-0.0753539873113233,0.0288844461178481,0.132638539654031,1.78478657708476e-09
597.8378042,48.4,12.8,3.2,3.2,-0.148048542992431,-0.101179562233319,-0.205668051457595,-3.33580768514992e-09
600.3539627,57.37704918,6.967213115,2.459016393,3.278688525,-0.365367061490666,-0.117840499858085,-0.123696458898792,1.48729627675269e-08
602.626496,51.86721992,13.2780083,1.244813278,4.149377593,-0.171163214303031,-0.0819822077919189,0.0199782453627182,4.87984989569001e-09
604.5963601,60.60606061,7.792207792,3.463203463,2.164502165,-0.365694028372449,-0.0674654977648484,-0.231744973333016,-9.87930182950424e-09
612.1575668,83.45588235,3.676470588,1.838235294,1.838235294,-0.560017345563524,-0.00226537095976963,-0.0609982877909882,1.60481116526499e-08
622.9011415,81.6254417,0,1.413427562,0,-0.687758658743225,0.0695669205485301,-0.069932270638052,1.83302090908768e-08
631.3992801,82.87671233,1.712328767,1.712328767,0,-0.639858518285854,0.0734889586447086,-0.0890239924777239,6.64520594475914e-09
636.4727545,76.13636364,6.818181818,1.136363636,1.515151515,-0.486380182889912,0.0451141973146459,-0.0143924228474662,-4.27342397071231e-09
